host,final_host,brand,title,platform,platform_hint,tranco_rank,mentions,sources,industry_hint,source_urls
store.duolingo.com,store.duolingo.com,Duolingo Store,Duolingo Store,shopify,undefined,477,1,ecomm,,https://ecomm.design/site/duolingo-store/
nike.com,nike.com,Nike,Nike. Just Do It. Nike.com,nextjs,undefined,638,1,ecomm,,https://ecomm.design/site/nike/
stance.eu.com,de.stance.com,Stance,"Haltung: Socken, Unterwäsche und Bekleidung. Wohlfühlen, Gutes tun. – Stance Europe",shopify,undefined,1008,1,ecomm,,https://ecomm.design/site/stance-2/
barnesandnoble.com,barnesandnoble.com,Barnes & Noble,"Online Bookstore: Books, NOOK ebooks, Music, Movies & Toys | Barnes & Noble®",shopify,undefined,2153,1,ecomm,,https://ecomm.design/site/barnes-noble/
wayfair.com,wayfair.com,Wayfair,"Wayfair.com - Online Home Store for Furniture, Decor, Outdoors & More",nextjs,undefined,2541,1,ecomm,,https://ecomm.design/site/wayfair/
instacart.com,instacart.com,Shop these winners,Instacart | Grocery Delivery or Pickup from Local Stores Near You,undefined,undefined,2725,2,search|ecomm,food and drink,https://instacartbrandlist.com/|https://ecomm.design/site/instacart/
shop.minecraft.net,minecraftshop.com,Minecraft Official Shop,"Minecraft Official Shop | Clothing, Accessories, and Plush Gifts | Official Minecraft Shop",shopify,undefined,2840,1,ecomm,,https://ecomm.design/site/minecraft-official-shop/
ouraring.com,ouraring.com,Ōura,"Oura Ring. Smart Ring for Fitness, Stress, Sleep & Health.",wordpress,undefined,3435,1,ecomm,,https://ecomm.design/site/oura/
athleta.gap.com,athleta.gap.com,Athleta,"Shop Athleta for Women's Yoga Clothing, Technical Athletic Clothing, and Athleisure",nextjs,,3500,1,search,fashion and apparel,https://www.extole.com/blog/4-direct-sales-clothing-companies-thriving/
bananarepublic.gap.com,bananarepublic.gap.com,Banana Republic,Banana Republic | Timeless Style for Women’s & Men’s Clothing,nextjs,undefined,3500,1,ecomm,,https://ecomm.design/site/banana-republic/
gap.com,gap.com,Gap,"Gap Individual style for Women's, Men's, Baby & Kids' Clothing",nextjs,undefined,3500,1,ecomm,,https://ecomm.design/site/gap/
store.dji.com,store.dji.com,DJI Store,"DJI Store - Drones, Cameras, Gimbals and Power Stations (United States)",undefined,undefined,3824,1,ecomm,,https://ecomm.design/site/dji-store/
farfetch.com,farfetch.com,Farfetch,FARFETCH | The Global Destination For Modern Luxury,nextjs,undefined,3857,1,ecomm,,https://ecomm.design/site/farfetch/
store-usa.arduino.cc,store-usa.arduino.cc,Arduino,Arduino Official Store | Boards Shields Kits Accessories — Arduino Online Shop,shopify,undefined,3872,1,ecomm,,https://ecomm.design/site/arduino/
nanit.com,nanit.com,Nanit — stores.gallery,Nanit Smart Baby Monitor | Tracks Sleep and Breathing,shopify,,4302,1,gallery,,https://stores.gallery/stores/nanit
johnlewis.com,johnlewis.com,Lohn Lewis,John Lewis & Partners | Never Knowingly Undersold,nextjs,undefined,4634,1,ecomm,,https://ecomm.design/site/lohn-lewis/
qodeinteractive.com,qodeinteractive.com,,We Bring Beauty to WordPress - Qode Interactive,woocommerce,,5260,1,search-result,beauty and skincare,https://qodeinteractive.com/magazine/examples-of-gorgeous-skincare-beauty-websites/
webstaurantstore.com,webstaurantstore.com,Webstaurant Store,WebstaurantStore: Commercial Supplies & Restaurant Equipment,undefined,undefined,5698,1,ecomm,,https://ecomm.design/site/webstaurant-store/
diy.com,diy.com,B&Q,DIY Products at Everyday Low Prices at B&Q,undefined,undefined,6100,1,ecomm,,https://ecomm.design/site/bq/
ulta.com,ulta.com,Ulta,"Ulta Beauty | Makeup, Skin Care, Fragrance, Hair Care & Beauty Products",,,6151,1,search,beauty and skincare,https://www.wix.com/blog/beauty-website-examples
yesstyle.com,yesstyle.com,YesStyle,"Beauty, Skin Care, and Health and Wellness | YesStyle",wordpress,undefined,6303,1,ecomm,,https://ecomm.design/site/yesstyle/
onepeloton.com,onepeloton.com,Peloton,Peloton: Innovative exercise equipment and personalized workout plans,nextjs,undefined,6436,2,ecomm,,https://ecomm.design/site/peloton-2/|https://ecomm.design/site/peloton/
shop.ecobee.com,shop.ecobee.com,ecobee,,shopify,undefined,6877,1,ecomm,,https://ecomm.design/site/ecobee/
shop.swatch.com,swatch.com,Swatch,Swatch watch styles | Swatch® International,salesforce,undefined,8104,1,ecomm,,https://ecomm.design/site/swatch/
anker.com,anker.com,Anker,Anker | Live Charged. - Anker US,shopify,undefined,8562,1,ecomm,,https://ecomm.design/site/anker/
jbhifi.com.au,jbhifi.com.au,JB Hi-Fi,JB Hi-Fi - Australia's Largest Home Entertainment Retailer,shopify,undefined,9406,1,ecomm,,https://ecomm.design/site/jb-hi-fi/
hollisterco.com,hollisterco.com,Hollister,Clothing for Women & Men | Teen Clothing | Hollister Co.,undefined,undefined,9841,1,ecomm,,https://ecomm.design/site/hollister/
vam.ac.uk,vam.ac.uk,V&A Shop,The V&A is a family of museums dedicated to the power of creativity · V&A,salesforce,undefined,10436,1,ecomm,,https://ecomm.design/site/va-shop/
potterybarn.com,potterybarn.com,Pottery Barn,"Home Furniture, Home Decor & Outdoor Furniture | Pottery Barn",undefined,undefined,11508,1,ecomm,,https://ecomm.design/site/pottery-barn/
store.tomorrowland.com,store.tomorrowland.com,TML by Tomorrowland,Tomorrowland Store - Official Apparel & Accessories,shopify,undefined,11703,1,ecomm,,https://ecomm.design/site/tml-by-tomorrowland/
fashionnova.com,fashionnova.com,3. Fashion Nova,"Fashion Nova | Trendy Clothes for Women, Men & Plus Sizes",shopify,undefined,12230,4,search|ecomm,fashion and apparel,https://www.sitebuilderreport.com/inspiration/shopify-clothing-stores|https://www.omnisend.com/blog/shopify-clothing-stores/|https://printify.com/blog/shopify-clothing-stores/
august.com,august.com,August Home,"August Home | Smart Locks for Convenient, Keyless Entry",shopify,undefined,12497,1,ecomm,,https://ecomm.design/site/august-home/
firstcry.com,firstcry.com,Firstcry,Baby Products Online India: Newborn Baby Products & Kids Online Shopping at FirstCry.com,undefined,undefined,12533,1,ecomm,,https://ecomm.design/site/firstcry/
shop.penguin.co.uk,shop.penguin.co.uk,Penguin Books,Gifts for Book Lovers & Readers | Buy Online at The Penguin Shop,shopify,undefined,13082,1,ecomm,,https://ecomm.design/site/penguin-books/
loft.com,loft.com,LOFT,"Loft : Women's Clothing, Petites, Dresses, Pants, Shirts, Sweaters",salesforce,undefined,13165,1,ecomm,,https://ecomm.design/site/loft/
michaelkors.com,michaelkors.com,Michael Kors,"Michael Kors USA: Designer Handbags, Clothing, Menswear, Watches, Shoes, And More | Michael Kors [US]",salesforce,undefined,13283,1,ecomm,,https://ecomm.design/site/michael-kors/
sensibo.com,sensibo.com,Sensibo,Sensibo Smart Home Climate Control | Save Energy l Shop now,shopify,undefined,13381,1,ecomm,,https://ecomm.design/site/sensibo/
stitchfix.com,stitchfix.com,Stitch Fix,Women's Clothes | Men's Clothes | Kid's Clothing Boxes | Stitch Fix,nextjs,undefined,13554,1,ecomm,,https://ecomm.design/site/stitch-fix/
on.com,on.com,The Roger,On | Swiss Performance Running Shoes & Clothing,undefined,undefined,13615,2,ecomm|catalog,,https://ecomm.design/site/the-roger/|https://catalog.cool/brands/on
saatchiart.com,saatchiart.com,Shop my Travel Prints,"Artwork: Buy Original Art Online, Paintings & More",nextjs,,13706,1,search,fashion and apparel,https://zanniee.com/direct-to-consumer-fashion-brands/
shopbop.com,shopbop.com,Shopbop,"Shopbop - Designer Clothing, Shoes, Bags & Accessories",undefined,undefined,14114,1,ecomm,,https://ecomm.design/site/shopbop/
williams-sonoma.com,williams-sonoma.com,Williams Sonoma,Housewares + Kitchenware Store | Williams Sonoma,undefined,undefined,14128,1,ecomm,,https://ecomm.design/site/williams-sonoma/
chapters.indigo.ca,indigo.ca,Indigo,Indigo - Chapters - Coles | Canada's Biggest Bookstore,shopify,undefined,14383,1,ecomm,,https://ecomm.design/site/indigo/
talbots.com,talbots.com,Talbots,Sites-talbotsus-Site,salesforce,undefined,15389,1,ecomm,,https://ecomm.design/site/talbots/
influencermarketinghub.com,influencermarketinghub.com,Some estimates,Influencer Marketing Hub | Influencer Marketing Hub,woocommerce,,15971,1,search,fashion and apparel,https://www.shopify.com/enterprise/blog/dtc-brands
stanley1913.com,stanley1913.com,www.stanley1913.com,"Stanley 1913 Drinkware & Gear | Bottles, Tumblers, Growlers & More",shopify,,16074,1,search,food and drink,https://storeleads.app/reports/shopify/category/Food%20&%20Drink
jcrew.com,jcrew.com,J. Crew,"J.Crew: Clothes, Shoes & Accessories For Women, Men & Kids",nextjs,undefined,16827,1,ecomm,,https://ecomm.design/site/j-crew/
maurices.com,maurices.com,Maurices,"Women's Fashion | Denim, Accessories, Plus Size & More | maurices",salesforce,undefined,17598,1,ecomm,,https://ecomm.design/site/maurices/
mytheresa.com,mytheresa.com,mytheresa.com,Mytheresa - The Finest Edit in Luxury,undefined,undefined,17689,1,ecomm,,https://ecomm.design/site/mytheresa-com/
canyon.com,canyon.com,Canyon Bicycles,CANYON DE,salesforce,undefined,17722,1,ecomm,,https://ecomm.design/site/canyon-bicycles/
merch.raycast.com,merch.raycast.com,Raycast Merch,Raycast Merch,shopify,undefined,18095,1,ecomm,,https://ecomm.design/site/raycast-merch/
zoro.com,zoro.com,Zoro,"Zoro.com: Tools, Parts, and Supplies for Your Business",,,18569,1,search,fashion and apparel,https://builtin.com/articles/direct-to-consumer-brands
quince.com,quince.com,Quince,"Quince | High Quality Essentials, Radically Low Prices",nextjs,undefined,18772,2,search|ecomm,fashion and apparel,https://www.ringly.io/discover/best-dtc-clothing-brands|https://ecomm.design/site/quince/
c-and-a.com,c-and-a.com,C&A,Fashion and clothing to feel good | C&A,undefined,undefined,18874,1,ecomm,,https://ecomm.design/site/ca/
privy.com,privy.com,,Privy: Email & SMS Marketing for Ecommerce,woocommerce,,18897,1,search-result,food and drink,https://www.privy.com/blog/best-shopify-stores-beverage
deliveroo.co.uk,deliveroo.co.uk,Deliveroo,"Deliveroo - Food, Groceries, Pharmacy, Gifts & More. Delivered In A Tap.",nextjs,undefined,20346,1,ecomm,,https://ecomm.design/site/deliveroo/
society6.com,society6.com,Society6,Artist-Designed Wall Art & Home Decor | Society6,shopify,undefined,20424,2,ecomm,,https://ecomm.design/site/society6-2/|https://ecomm.design/site/society6/
zwift.com,zwift.com,Zwift,Zwift | The Indoor Cycling App for Smart Trainers & Bikes,nextjs,undefined,20607,1,ecomm,,https://ecomm.design/site/zwift/
archiproducts.com,archiproducts.com,Archiproducts,"Archiproducts - Furniture, Design and Lighting",undefined,undefined,21292,1,ecomm,,https://ecomm.design/site/archiproducts/
thereformation.com,thereformation.com,Reformation,Sustainable Women's Clothing and Accessories | Reformation,salesforce,undefined,21864,6,search|ecomm|catalog,fashion and apparel,https://www.ringly.io/discover/best-dtc-clothing-brands|https://quoli.io/blogs/8-dtc-fashion-brands-to-watch-now|https://www.extole.com/blog/4-direct-sales-clothing-companies-thriving/
myoddballs.com,myoddballs.com,OddBalls,OddBalls - The Underwear Everyone's Talking About,shopify,,22910,1,lists|search,food and drink,https://wisepops.com/blog/ecommerce-website-design-examples
thule.com,thule.com,Thule,Thule | United States,undefined,undefined,22968,1,ecomm,,https://ecomm.design/site/thule/
bang-olufsen.com,bang-olufsen.com,Bang & Olufsen,"Bang & Olufsen - High-end Headphones, Speakers, and Televisions",nextjs,undefined,23273,1,ecomm,,https://ecomm.design/site/bang-olufsen/
renttherunway.com,renttherunway.com,Rent the Runway,Rent the Runway | Designer Clothing Subscription and Dress Rentals,nextjs,undefined,23841,1,ecomm,,https://ecomm.design/site/rent-the-runway/
aloyoga.com,aloyoga.com,Alo Yoga,"ALO | Yoga leggings, clothes, and accessories for studio to street",shopify,undefined,24112,6,search|ecomm,fashion and apparel,https://wisepops.com/blog/shopify-clothing-stores|https://www.sitebuilderreport.com/inspiration/shopify-clothing-stores|https://www.omnisend.com/blog/shopify-clothing-stores/
draxe.com,draxe.com,Dr. Axe,"Dr. Axe | Health and Fitness News, Recipes, Natural Remedies",woocommerce,,24394,1,search,supplements and wellness,https://www.shopify.com/enterprise/blog/heath-ecommerce-wellness-online
arcteryx.com,arcteryx.com,Arc’teryx,"Outdoor Clothing, Technical Outerwear, & Accessories | Arc'teryx Canada",nextjs,,24435,2,ecomm|catalog,,https://ecomm.design/site/arcteryx/|https://catalog.cool/brands/arc-teryx
gymshark.com,us.checkout.gymshark.com,2. Gymshark,,shopify,undefined,24845,8,search|ecomm,fashion and apparel,https://www.sitebuilderreport.com/inspiration/shopify-clothing-stores|https://www.omnisend.com/blog/shopify-clothing-stores/|https://printify.com/blog/shopify-clothing-stores/
central.gymshark.com,gymshark.com,Gymshark product line,Gymshark's Official Blog,shopify,,24845,1,search,fashion and apparel,https://www.shopify.com/enterprise/blog/best-online-fashion-sites
columbia.com,columbia.com,Columbia,"Outerwear, Sportswear & Footwear | Columbia Sportswear",salesforce,undefined,24946,1,ecomm,,https://ecomm.design/site/columbia/
skims.com,skims.com,1. Skims,SKIMS | Solutions For Every Body,shopify,undefined,25513,7,search|ecomm|catalog,fashion and apparel,https://www.sitebuilderreport.com/inspiration/shopify-clothing-stores|https://www.omnisend.com/blog/shopify-clothing-stores/|https://colorlib.com/wp/clothing-brand-website-examples/
reebok.com,reebok.com,Reebok,Reebok® Official Site | Life is Not a Spectator Sport,shopify,undefined,25657,1,ecomm,,https://ecomm.design/site/reebok/
balenciaga.com,balenciaga.com,Balenciaga,Balenciaga Official Online Boutique ZW,salesforce,undefined,25973,1,ecomm,,https://ecomm.design/site/balenciaga/
pacsun.com,pacsun.com,PacSun,"Pacsun | Denim, Streetwear, & Everyday Essentials",salesforce,undefined,26138,1,ecomm,,https://ecomm.design/site/pacsun/
store.penny-arcade.com,store.penny-arcade.com,Penny Arcade,Penny Arcade Store,shopify,undefined,26548,1,ecomm,,https://ecomm.design/site/penny-arcade/
myprotein.com,myprotein.com,Myprotein,Fuel Your Ambition with the No.1 Online Sports Nutrition Brand | Myprotein UK,,,26683,1,search,supplements and wellness,https://blockifyapp.com/blog/shopify-supplement-store/
nothing.tech,nothing.tech,Nothing,Nothing | UK,shopify,undefined,27193,2,ecomm,,https://ecomm.design/site/nothing-2/|https://ecomm.design/site/nothing/
potterybarnkids.com,potterybarnkids.com,Pottery Barn Kids,"Kids’ & Baby Furniture, Kids Bedding & Gifts | Baby Registry | Pottery Barn Kids",undefined,undefined,27510,1,ecomm,,https://ecomm.design/site/pottery-barn-kids/
remarkable.com,remarkable.com,reMarkable,reMarkable: The Paper Tablets for Focused Work | reMarkable,nextjs,undefined,27839,1,ecomm,,https://ecomm.design/site/remarkable/
plumgoodness.com,plumgoodness.com,plumgoodness.com,"Science-Backed Skincare, Haircare & Body care | 100% vegan",shopify,,28254,1,search,beauty and skincare,https://webinopoly.com/pages/top-30-shopify-skincare-stores?srsltid=AU7gw4UNgdc6VT9Wk16Rr3GMtnQI2BrtyV1I_qFe5l2r-93AQQ-5uhnv
charlottetilbury.com,charlottetilbury.com,Charlotte Tilbury,"Shop Luxury Makeup, Skincare & Fragrance | Charlotte Tilbury",nextjs,,29712,1,search,beauty and skincare,https://www.wemakewebsites.com/blog/64-stunning-beauty-website-designs-for-your-inspiration
boden.com,boden.com,Boden,Boden Clothing for Women and Children | Boden UK,shopify,,30578,1,search,beauty and skincare,https://retailboss.substack.com/p/viral-dtc-rampage-the-10-brands-breaking
us.boden.com,us.boden.com,Boden,Boden Clothing for Women and Children | Boden USA,shopify,undefined,30578,1,ecomm,,https://ecomm.design/site/boden-2/
forever21.com,forever21.com,Forever 21,Forever 21 | Shop The Latest Trends & Must-Have Styles,shopify,undefined,31340,1,ecomm,,https://ecomm.design/site/forever-21/
veja-store.com,veja-store.com,Veja,"VEJA – Site officiel | Sneakers Homme, Femme et Enfant | VEJA",salesforce,undefined,31858,1,ecomm,,https://ecomm.design/site/veja/
shop.brooklynmuseum.org,shop.brooklynmuseum.org,Brooklyn Museum Shop,Brooklyn Museum Shop,shopify,undefined,32003,1,ecomm,,https://ecomm.design/site/brooklyn-museum-shop/
wearfigs.com,wearfigs.com,36. FIGS,"Scrubs, Medical Uniforms & Nursing Scrubs · FIGS",shopify,,32475,2,search|catalog,fashion and apparel,https://www.sitebuilderreport.com/inspiration/shopify-clothing-stores|https://catalog.cool/brands/figs
stevemadden.com,stevemadden.com,Steve Madden,Steve Madden® Official Site | Free Shipping on orders $75+,shopify,undefined,32481,1,ecomm,,https://ecomm.design/site/steve-madden/
stickermule.com,stickermule.com,Sticker Mule,Sticker Mule | Custom printing that kicks ass,nextjs,undefined,32488,1,ecomm,,https://ecomm.design/site/sticker-mule/
alhena.ai,alhena.ai,,Alhena AI | Hallucination-Free AI agents to turn CX into Revenue,woocommerce,,33202,1,search-result,beauty and skincare,https://alhena.ai/blog/best-ai-dtc-beauty-brands/
maccosmetics.com,maccosmetics.com,M·A·C,MAC Cosmetics | Beauty and Makeup Products - Official Site,shopify,,33794,1,search,beauty and skincare,https://hyghstreet.com/en/blogs/stories/20-der-besten-beauty-stores-mit-shopify
hungryroot.com,hungryroot.com,Hungryroot,Hungryroot | The easiest way to eat healthy.,undefined,undefined,33871,2,search|ecomm,fashion and apparel,https://builtin.com/articles/direct-to-consumer-brands|https://ecomm.design/site/hungryroot/
shop.a24films.com,shop.a24films.com,A 24 Shop,A24 Shop,shopify,undefined,34345,1,ecomm,,https://ecomm.design/site/a-24-shop/
be.diesel.com,be.diesel.com,Diesel,"Diesel®: New arrivals, Jeans, Jackets, T-shirts, Bags",salesforce,undefined,34418,1,ecomm,,https://ecomm.design/site/diesel/
seaislandcoffee.com,seaislandcoffee.com,Sea Island Coffee,Sea Island Coffee | Rare Single Origin Coffee,shopify,undefined,34577,1,ecomm,,https://ecomm.design/site/sea-island-coffee/
endclothing.com,endclothing.com,End Clothing,Style. Sneakers. Culture. Community. | END. (GB),nextjs,undefined,34667,1,ecomm,,https://ecomm.design/site/end-clothing/
thebodyshop.com,thebodyshop.com,The Body Shop,"Nature Inspired Skincare, Body & Beauty Products | The Body Shop",shopify,undefined,35191,2,search|ecomm,beauty and skincare,https://www.wemakewebsites.com/blog/64-stunning-beauty-website-designs-for-your-inspiration|https://ecomm.design/site/the-body-shop/
aldoshoes.com,aldoshoes.com,ALDO Shoes,"ALDO | ALDO Shoes, Boots, Sandals, Handbags & Accessories",shopify,undefined,35470,1,ecomm,,https://ecomm.design/site/aldo-shoes/
shop.hodinkee.com,shop.hodinkee.com,HODINKEE,"Hodinkee Shop: New and Vintage Watches, Straps, and Accessories – HODINKEE Shop",shopify,undefined,35516,1,ecomm,,https://ecomm.design/site/hodinkee/
reiss.com,reiss.com,Reiss,"Reiss UK - Womenswear, Menswear, & Accessories",undefined,undefined,35770,1,ecomm,,https://ecomm.design/site/reiss/
mccormick.com,mccormick.com,McCormick,"Spices, Seasoning, Recipe Ideas & Cooking Tips | McCormick",shopify,,36011,2,search,food and drink,https://www.omnisend.com/blog/shopify-food-and-beverage-stores/|https://storeleads.app/reports/shopify/category/Food%20&%20Drink
suitsupply.com,suitsupply.com,Suitsupply,"Men's Suits | Wedding, Formal & Custom Suits | SUITSUPPLY",salesforce,undefined,36399,2,ecomm,,https://ecomm.design/site/suitsupply-2/|https://ecomm.design/site/suitsupply/
jackjones.com,jackjones.com,JACK & JONES,JACK & JONES – Muška garderoba i obuća | Zvanični sajt,undefined,undefined,36536,1,ecomm,,https://ecomm.design/site/jack-jones/
princesspolly.com,princesspolly.com.au,Princess Polly,,shopify,,37105,2,search,fashion and apparel,https://www.omnisend.com/blog/shopify-clothing-stores/|https://colorlib.com/wp/clothing-brand-website-examples/
farrow-ball.com,farrow-ball.com,Farrow & Ball,Farrow & Ball | Handcrafted Paint and Wallpaper | Farrow & Ball,magento,undefined,37875,1,ecomm,,https://ecomm.design/site/farrow-ball/
toms.com,toms.com,Toms,TOMS.com,shopify,undefined,37990,1,ecomm,,https://ecomm.design/site/toms/
store.shopware.com,store.shopware.com,Shopware Store,Shopware 6 Apps & Themes,undefined,undefined,38222,1,ecomm,,https://ecomm.design/site/shopware-store/
marcjacobs.com,marcjacobs.com,Marc Jacobs,Marc Jacobs | Official Site,salesforce,undefined,38420,1,ecomm,,https://ecomm.design/site/marc-jacobs/
colehaan.com,colehaan.com,Cole Haan,"Cole Haan | Shoes, Bags and Accessories for Men and Women",shopify,undefined,38882,2,ecomm,,https://ecomm.design/site/cole-haan-2/|https://ecomm.design/site/cole-haan/
everlane.com,everlane.com,Everlane,Everlane,shopify,undefined,40177,5,search|ecomm,fashion and apparel,https://www.omnisend.com/blog/shopify-clothing-stores/|https://www.ringly.io/discover/best-dtc-clothing-brands|https://zanniee.com/direct-to-consumer-fashion-brands/
georgjensen.com,georgjensen.com,Georg Jensen,Georg Jensen | Official Online Shop | Free Gift Wrapping,salesforce,undefined,40573,1,ecomm,,https://ecomm.design/site/georg-jensen/
theordinary.com,theordinary.com,The Ordinary,The Ordinary | Clinical Formulations with Integrity,salesforce,,41229,3,search,beauty and skincare,https://commerce-ui.com/insights/top-beauty-stores-on-shopify|https://eastsideco.com/blog/best-shopify-beauty-and-cosmetics-brands|https://www.blog.selfnamed.com/business/successful-shopify-skincare-stores
burton.com,burton.com,Burton Snowboards,"50 Years of Burton, 50 Years of Snowboarding | Burton Snowboards",shopify,undefined,41320,1,ecomm,,https://ecomm.design/site/burton-snowboards/
mykitsch.com,mykitsch.com,Kitsch,KITSCH™ Official Site | Hair Care & Accessories,shopify,,42672,1,search,food and drink,https://www.chargeflow.io/blog/dtc-ecommerce-brands-2024
bollandbranch.com,bollandbranch.com,Boll & Branch,"Luxury Organic Bedding, Sheets & Towels | Boll & Branch",shopify,undefined,42954,1,ecomm,,https://ecomm.design/site/boll-branch/
fentybeauty.com,fentybeauty.com,Fenty Beauty,Fenty Beauty by Rihanna | Beauty for All,shopify,,43352,6,search,beauty and skincare,https://commerce-ui.com/insights/top-beauty-stores-on-shopify|https://www.sitebuilderreport.com/inspiration/shopify-beauty-stores|https://www.omnisend.com/blog/shopify-beauty-stores/
blinkforhome.com,blinkforhome.com,Blink,Blink Smart Security,squarespace,undefined,44247,1,ecomm,,https://ecomm.design/site/blink/
ro.moleskine.com,moleskine.com,Moleskine,"Moleskine® Official Website - Notebooks, Planners and More | Moleskine",salesforce,undefined,44932,1,ecomm,,https://ecomm.design/site/moleskine/
crumblcookies.com,crumblcookies.com,Crumbl,"Crumbl Cookies | Fresh-Baked Cookies Near You | Delivery, Pickup & Carryout",nextjs,,45525,1,search,food and drink,https://abovethefray.io/threads/dtc-food-and-beverage
murad.com,murad.com,Murad,Murad Skincare | Clinical Skin Care Company,shopify,,45646,1,search,beauty and skincare,https://saikai.io/blog/top-skincare-website-designs/
kendrascott.com,kendrascott-production.mobify-storefront.com,Kendra Scott,"Kendra Scott Official | Jewelry, Personalized Gifts & Watches",undefined,undefined,45735,1,ecomm,,https://ecomm.design/site/kendra-scott/
cultbeauty.co.uk,cultbeauty.co.uk,Cult Beauty,CULT BEAUTY | The Home of Beauty Discovery,,,46098,1,search,beauty and skincare,https://www.wemakewebsites.com/blog/64-stunning-beauty-website-designs-for-your-inspiration
superdry.com,superdry.com,Superdry,Superdry UK: 10% Off Your First Order | Men's & Women's Clothing,salesforce,undefined,46327,1,ecomm,,https://ecomm.design/site/superdry/
tnuck.com,tnuck.com,tuckernuck,"Tuckernuck | Women’s Clothing, Dresses, Shoes & Home",shopify,,46679,1,catalog,,https://catalog.cool/brands/tuckernuck
loopearplugs.com,loopearplugs.com,loop earplugs,"Your Life, Your Volume | Loop Earplugs",shopify,,47669,1,catalog,,https://catalog.cool/brands/loop-earplugs
glossier.com,glossier.com,Glossier,Glossier,shopify,undefined,47774,7,search|ecomm|catalog,beauty and skincare,https://commerce-ui.com/insights/top-beauty-stores-on-shopify|https://www.omnisend.com/blog/shopify-beauty-stores/|https://www.ringly.io/discover/best-dtc-beauty-brands
eu.turtlebeach.com,eu.turtlebeach.com,Turtle Beach,Turtle Beach® #1 Gaming Headsets - Hear Everything. Defeat Everyone.,shopify,,47783,1,lists,,https://ecomm.design/best-shopify-stores/
vuoriclothing.com,vuoriclothing.com,Vuori,Athletic Clothing & Activewear Apparel for Performance – Vuori,shopify,undefined,47826,2,search|ecomm,fashion and apparel,https://quoli.io/blogs/8-dtc-fashion-brands-to-watch-now|https://ecomm.design/site/vuori/
purple.com,purple.com,Purple,Shop Purple Mattresses: Less pain. Better sleep.,undefined,undefined,48641,1,ecomm,,https://ecomm.design/site/purple/
kith.com,kith.com,Kith,Kith – Homepage,shopify,undefined,49413,9,lists|search|ecomm,fashion and apparel,https://wisepops.com/blog/ecommerce-website-design-examples|https://www.shopify.com/blog/best-ecommerce-sites|https://ecomm.design/best-shopify-stores/
dwr.com,dwr.com,Design Within Reach,"Design Within Reach | Semiannual Sale, 25% Off | The Best in Modern Furniture + Design",salesforce,undefined,49772,1,ecomm,,https://ecomm.design/site/design-within-reach/
polaroid.com,polaroid.com,Polaroid,Polaroid EU | Official Online Store,shopify,undefined,51198,1,ecomm,,https://ecomm.design/site/polaroid-2/
theoutnet.com,theoutnet.com,The Outnet,Fashion Deals | Luxury Fashion Up To 70% Off THE OUTNET,shopify,undefined,54139,1,ecomm,,https://ecomm.design/site/the-outnet/
falke.com,falke.com,Falke,"Legwear, Sports & Fashion - The official FALKE® online shop | FALKE",undefined,undefined,56539,1,ecomm,,https://ecomm.design/site/falke/
ruggable.com,ruggable.com,Ruggable,Washable Rugs & Washable Area Rugs by Ruggable | Ruggable US,shopify,undefined,56878,1,ecomm,,https://ecomm.design/site/ruggable/
bryte.com,bryte.com,Bryte Bed,Achieve Better Sleep with Bryte Smart Bed Technology,webflow,undefined,56954,1,ecomm,,https://ecomm.design/site/bryte-bed/
acnestudios.com,acnestudios.com,Acne Studios,"Acne Studios – Shop Ready-to-wear, accessories, shoes and denim for Men and Women",salesforce,undefined,57764,1,ecomm,,https://ecomm.design/site/acne-studios/
reallygoodemails.com,reallygoodemails.com,Really Good Emails,Really Good Emails,nextjs,,58129,1,search,beauty and skincare,https://www.omnisend.com/blog/shopify-beauty-stores/
romwe.com,romwe.com,Romwe,Your social-inspired style obsession | ROMWE,undefined,undefined,59176,1,ecomm,,https://ecomm.design/site/romwe/
teenage.engineering,teenage.engineering,Teenage Engineering,teenage engineering,undefined,undefined,59209,2,ecomm|catalog,,https://ecomm.design/site/teenage-engineering-2/|https://catalog.cool/brands/teenage-engineering
article.com,article.com,Article,"Contemporary, Mid Century & Modern Furniture | Article",undefined,undefined,59367,1,ecomm,,https://ecomm.design/site/article/
owalalife.com,owalalife.com,owalalife.com,"Water Bottles, Tumblers, Coffee Mugs & More | Owala®",shopify,undefined,59373,2,search|ecomm,food and drink,https://storeleads.app/reports/shopify/category/Food%20&%20Drink|https://ecomm.design/site/owala-life/
stellamccartney.com,stellamccartney.com,Stella McCartney,Designer Clothing | Latest Luxury Fashion | Stella McCartney UK,salesforce,undefined,59998,1,ecomm,,https://ecomm.design/site/stella-mccartney/
hasbropulse.com,hasbropulse.com,Hasbro Pulse,The Official Site for Hasbro Collectibles & Exclusives | Hasbro Pulse,undefined,undefined,61744,1,ecomm,,https://ecomm.design/site/hasbro-pulse/
bellroy.com,bellroy.com,Bellroy,"Bellroy | Considered Carry Goods: Wallets, Bags, Phone Cases & More",undefined,undefined,63525,1,ecomm,,https://ecomm.design/site/bellroy/
glassons.com,glassons.com,Glassons,Home | Glassons,undefined,undefined,63911,1,ecomm,,https://ecomm.design/site/glassons/
rapha.cc,rapha.cc,Rapha,The World's Finest Cycling Clothing and Accessories | Rapha,nextjs,undefined,65381,1,ecomm,,https://ecomm.design/site/rapha/
westelm.co.uk,westelm.co.uk,West Elm,Contemporary Furniture & Interiors | west elm UK,undefined,undefined,65407,1,ecomm,,https://ecomm.design/site/west-elm/
whitehouseblackmarket.com,whitehouseblackmarket.com,White House Black Market,"Shop Women's Clothing, Petite, Business Casual, Dresses, Tops & Pants | White House Black Market",nextjs,undefined,65831,1,ecomm,,https://ecomm.design/site/white-house-black-market/
veromoda.com,veromoda.com,Vero Moda,,undefined,undefined,66887,1,ecomm,,https://ecomm.design/site/vero-moda/
wearewild.com,wearewild.com,Wild,"Wild - Refillable Natural Deodorants, Lip Balms, Body & Hand Washes",shopify,undefined,66953,2,ecomm,,https://ecomm.design/site/wild-2/|https://ecomm.design/site/wild/
joules.com,joules.com,Joules,"Joules | Women's, Men's & Children's Clothing And Footwear",undefined,undefined,66998,1,ecomm,,https://ecomm.design/site/joules/
mejuri.com,mejuri.com,Mejuri,Fine Jewelry For Every Day | Mejuri,shopify,undefined,68181,3,search|ecomm,fashion and apparel,https://www.ringly.io/discover/best-dtc-clothing-brands|https://zanniee.com/direct-to-consumer-fashion-brands/|https://ecomm.design/site/mejuri/
alexandermcqueen.com,alexandermcqueen.com,Alexander McQueen,McQueen UK | Official Online Store,nextjs,undefined,68454,1,ecomm,,https://ecomm.design/site/alexander-mcqueen/
whistles.com,whistles.com,Whistles,Women’s Clothing & Contemporary Fashion | Whistles UK |,salesforce,undefined,69137,1,ecomm,,https://ecomm.design/site/whistles/
firebox.com,firebox.com,Firebox,FIREBOX® | Shop Original Presents Online,magento,undefined,70333,1,ecomm,,https://ecomm.design/site/firebox/
maisonmargiela.com,maisonmargiela.com,Maison Margiela,Maison Margiela,salesforce,undefined,70677,2,ecomm,,https://ecomm.design/site/maison-margiela-2/|https://ecomm.design/site/maison-margiela/
spanx.com,spanx.com,Spanx,"SPANX | SPANX Shapewear, Active, Leggings, Jeans, Bras & Bodysuits",shopify,undefined,72313,1,ecomm,,https://ecomm.design/site/spanx/
birchlane.com,birchlane.com,Birch Lane,Birch Lane | Classic Style For Joyful Living - Farmhouse & Traditional Furniture,nextjs,undefined,73818,1,ecomm,,https://ecomm.design/site/birch-lane/
bimbaylola.com,bimbaylola.com,Bimba Y Lola,BIMBA Y LOLA | Official Online store,salesforce,undefined,74903,1,ecomm,,https://ecomm.design/site/bimba-y-lola/
labusinessjournal.com,labusinessjournal.com,$100 million,Home - Los Angeles Business Journal,woocommerce,,76506,1,search,fashion and apparel,https://builtin.com/articles/direct-to-consumer-brands
modaoperandi.com,modaoperandi.com,Moda Operandi,Women's Designer Clothing Collections & Runway Fashion | Moda Operandi,undefined,undefined,76517,1,ecomm,,https://ecomm.design/site/moda-operandi/
bugaboo.com,bugaboo.com,Bugaboo,Bugaboo strollers and more | Official website,salesforce,undefined,77457,1,ecomm,,https://ecomm.design/site/bugaboo/
modernretail.co,modernretail.co,skyrocketed,Modern Retail – Authority and honesty on the reinvention of retail,woocommerce,,84912,1,search,fashion and apparel,https://builtin.com/articles/direct-to-consumer-brands
nutrafol.com,nutrafol.com,Nutrafol,Hair Wellness from Within | Nutrafol,undefined,undefined,86459,1,ecomm,,https://ecomm.design/site/nutrafol/
prune.com.ar,prune.com.ar,Prune,Prüne AR,magento,undefined,86483,1,ecomm,,https://ecomm.design/site/prune/
roots.com,roots.com,Roots,"Roots Casual Clothing for Men, Women, and Kids | Roots",salesforce,undefined,88515,1,ecomm,,https://ecomm.design/site/roots/
papier.com,papier.com,Papier,"Diaries, Notebooks, Cards & More | Papier",undefined,undefined,89161,1,ecomm,,https://ecomm.design/site/papier/
onlinedoctor.lloydspharmacy.com,onlinedoctor.lloydspharmacy.com,Online Doctor option,NHS Experienced Clinicians | LloydsPharmacy Online Doctor UK,shopify,,90949,1,search,supplements and wellness,https://www.shopify.com/enterprise/blog/heath-ecommerce-wellness-online
adoreme.com,adoreme.com,Adore Me,"Lingerie & Bras, Corsets, Women’s Panties & More | Adore Me",nextjs,undefined,95295,1,ecomm,,https://ecomm.design/site/adore-me/
jossandmain.com,jossandmain.com,Joss & Main,Joss & Main | The ultimate style edit for home,nextjs,undefined,95582,1,ecomm,,https://ecomm.design/site/joss-main/
mulberry.com,mulberry.com,Mulberry,Mulberry | Mulberry.com Official Homepage,undefined,undefined,97023,1,ecomm,,https://ecomm.design/site/mulberry/
misfitsmarket.com,misfitsmarket.com,Misfits Market,Grocery Delivery Service: Fresh & Organic Produce | Misfits Market,nextjs,undefined,98411,2,search|ecomm,food and drink,https://www.chargeflow.io/blog/dtc-ecommerce-brands-2024|https://ecomm.design/site/misfits-market/
typology.com,global.typology.com,Typology,Natural Vegan Skincare Products Made in France — Typology,undefined,undefined,98773,3,search|ecomm,beauty and skincare,https://qodeinteractive.com/magazine/examples-of-gorgeous-skincare-beauty-websites/|https://ecomm.design/site/typology-2/|https://ecomm.design/site/typology/
narscosmetics.com,narscosmetics.com,Nars,NARS Cosmetics | The Official Store | Makeup and Skincare,salesforce,,99090,1,search,beauty and skincare,https://www.wemakewebsites.com/blog/64-stunning-beauty-website-designs-for-your-inspiration
oliverbonas.com,oliverbonas.com,Oliver Bonas,"Oliver Bonas | Fashion, Jewellery, Homeware & Gifts",undefined,undefined,100910,1,ecomm,,https://ecomm.design/site/oliver-bonas/
global.prana.com,prana.com,Prana,"Yoga, Climbing, Hiking, & Outdoor Clothing | prAna",salesforce,undefined,102101,1,ecomm,,https://ecomm.design/site/prana/
garmentory.com,garmentory.com,Garmentory,Garmentory: Contemporary fashion & emerging brands from indie boutiques,,,102227,1,ecomm,,https://ecomm.design/site/garmentory/
camelbak.com,camelbak.com,CamelBak,"CamelBak® - Official Site - Water Bottles, Travel Mugs, Hydration Packs & Vests",salesforce,undefined,102741,1,ecomm,,https://ecomm.design/site/camelbak/
huel.com,huel.com,Huel — stores.gallery,Huel,shopify,undefined,103189,7,gallery|search|ecomm,food and drink,https://stores.gallery/stores/huel|https://www.omnisend.com/blog/shopify-food-and-beverage-stores/|https://www.skailama.com/blog/25-top-shopify-food-and-beverage-brands
uk.huel.com,uk.huel.com,Huel,Huel UK,shopify,,103189,3,search,food and drink,https://eastsideco.com/blog/best-food-ecommerce-stores|https://www.wemakewebsites.com/blog/37-best-food-and-drink-e-commerce-websites|https://www.byassociationonly.com/articles/health-and-wellness-brands-on-shopify
artifactuprising.com,artifactuprising.com,Artifact Uprising,Artifact Uprising | Premium Photo Printing for Your Stories,magento,,103230,1,search,fashion and apparel,https://builtin.com/articles/direct-to-consumer-brands
elmastudio.de,elmastudio.de,Elmastudio,Elmastudio – Personal Blog of Ellen and Manuel,woocommerce,undefined,104378,1,ecomm,,https://ecomm.design/site/elmastudio/
opi.com,opi.com,OPI,"OPI Nail Polish, Nail Care & Nail Art | OPI®",nextjs,,105395,1,search,beauty and skincare,https://hyghstreet.com/en/blogs/stories/20-der-besten-beauty-stores-mit-shopify
dunelondon.com,dunelondon.com,Dune London,"Shoes, Boots, Sandals & Accessories | Dune London",salesforce,undefined,105400,1,ecomm,,https://ecomm.design/site/dune-london/
birchbox.com,birchbox.com,made a deal with Walgreens,Beauty Subscriptions and More | Birchbox,shopify,,116322,1,search,fashion and apparel,https://builtin.com/articles/direct-to-consumer-brands
landsend.co.uk,landsend.co.uk,Lands’ End UK,Lands' End UK: Quality Clothing for Women & Men,salesforce,undefined,116537,1,ecomm,,https://ecomm.design/site/lands-end-uk/
carawayhome.com,carawayhome.com,Caraway,"Caraway | Non-Stick Ceramic Cookware, Bakeware and Home Goods | Caraway",shopify,,117463,2,search|catalog,fashion and apparel,https://www.shopify.com/enterprise/blog/dtc-brands|https://catalog.cool/brands/caraway-home
virginexperiencedays.co.uk,virginexperiencedays.co.uk,Virgin Experience Days,Virgin Experience Days UK | Experience Gifts & Presents,nextjs,undefined,117863,1,ecomm,,https://ecomm.design/site/virgin-experience-days/
happysocks.com,happysocks.com,Happy Socks,Happy Socks GL,undefined,undefined,119758,1,ecomm,,https://ecomm.design/site/happy-socks/
trigema.de,trigema.de,TRIGEMA,Startseite | trigema Bekleidung | Mode 100% Made in Germany | Jetzt shoppen,undefined,undefined,125580,1,ecomm,,https://ecomm.design/site/trigema/
centra.com,centra.com,Centra,Centra: DTC & Wholesale Ecommerce Platform for Fashion & Lifestyle Brands,woocommerce,undefined,127661,1,ecomm,,https://ecomm.design/site/centra/
1stwebdesigner.com,1stwebdesigner.com,,1stWebDesigner • Helping You Build a Better Web - For Web Professionals,woocommerce,,130535,1,search-result,food and drink,https://1stwebdesigner.com/food-beverage-ecommerce-web-designs/
pem.org,pem.org,The Peabody Essex Museum,"Peabody Essex Museum | World-Renowned Art Museum In Salem, MA",undefined,undefined,131393,1,ecomm,,https://ecomm.design/site/the-peabody-essex-museum/
princessetamtam.com,princessetamtam.com,Princesse tam.tam,"Princesse tam.tam, lingerie et corseterie pour femme",salesforce,undefined,132238,1,ecomm,,https://ecomm.design/site/princesse-tam-tam/
mountainhardwear.com,mountainhardwear.com,Mountain Hardwear,Mountain Hardwear: Technical Outdoor Gear & Apparel,salesforce,undefined,132287,1,ecomm,,https://ecomm.design/site/mountain-hardwear/
daskeyboard.com,daskeyboard.com,Das Keyboard,Das Keyboard - The Ultimate Mechanical Keyboard Experience for Overachievers,nextjs,undefined,132627,1,ecomm,,https://ecomm.design/site/das-keyboard/
vertu.com,vertu.com,Vertu,"VERTU® Official Site | Luxury Phones, AI Phones & Smart Rings",shopify,undefined,132683,1,ecomm,,https://ecomm.design/site/vertu/
maisonette.com,maisonette.com,Maisonette,Maisonette | Boutique Clothes & Decor for Babies to Teen,shopify,undefined,134655,2,ecomm,,https://ecomm.design/site/maisonette-2/|https://ecomm.design/site/maisonette/
autonomous.ai,autonomous.ai,Autonomous,Autonomous — AI hardware workshop,nextjs,undefined,134692,1,ecomm,,https://ecomm.design/site/autonomous-2/
javvycoffee.com,javvycoffee.com,Javvy Coffee — stores.gallery,"Javvy Coffee | Coffee Concentrate, Protein Coffee & More",shopify,,135639,1,gallery,,https://stores.gallery/stores/javvycoffee
redstagfulfillment.com,redstagfulfillment.com,2,Red Stag Fulfillment | A 3PL Ecommerce Fulfillment Company,woocommerce,,141749,1,search,food and drink,https://www.skailama.com/blog/25-top-shopify-food-and-beverage-brands
madeincookware.com,madeincookware.com,Made In,Made In,shopify,undefined,148568,2,search|ecomm,fashion and apparel,https://www.shopify.com/blog/shopify-stores|https://ecomm.design/site/made-in/
souschef.co.uk,souschef.co.uk,Sous Chef,Sous Chef Cooking Shop - Cook Something Amazing Today,shopify,undefined,150090,4,search|ecomm,food and drink,https://www.omnisend.com/blog/shopify-food-and-beverage-stores/|https://gempages.net/blogs/shopify/top-10-shopify-food-and-beverage-stores|https://www.skailama.com/blog/25-top-shopify-food-and-beverage-brands
thesill.com,thesill.com,The Sill,The Sill | Indoor & Outdoor Plants Delivered to Your Door,shopify,undefined,150096,1,ecomm,,https://ecomm.design/site/the-sill/
marinelayer.com,marinelayer.com,Marine Layer,Marine Layer,shopify,undefined,150278,4,search|ecomm,fashion and apparel,https://wisepops.com/blog/shopify-clothing-stores|https://printify.com/blog/shopify-clothing-stores/|https://www.ringly.io/discover/best-dtc-clothing-brands
dreamcloudsleep.com,dreamcloudsleep.com,DreamCloud,DreamCloud: Luxury Hybrid Mattresses & Premium Bedding,nextjs,undefined,150380,1,ecomm,,https://ecomm.design/site/dreamcloud/
hatch.co,hatch.co,Hatch,Devices to Help You Sleep Better | Hatch,shopify,undefined,150487,1,ecomm,,https://ecomm.design/site/hatch/
avocadogreenmattress.com,avocadogreenmattress.com,Avocado,Avocado Green Mattress® | Organic Non-Toxic Mattresses,shopify,undefined,150598,1,ecomm,,https://ecomm.design/site/avocado/
iliabeauty.com,iliabeauty.com,ILIA Beauty,"ILIA Beauty | Clean Makeup, Cosmetics, & Skincare",shopify,undefined,152526,5,search|ecomm,beauty and skincare,https://www.shopify.com/enterprise/blog/best-beauty-ecommerce-sites|https://eastsideco.com/blog/best-shopify-beauty-and-cosmetics-brands|https://www.ringly.io/discover/best-dtc-beauty-brands
stance.com,stance.com,Stance,"Socks, underwear and apparel. Feel good, do good. – Stance US",shopify,undefined,152571,1,ecomm,,https://ecomm.design/site/stance/
oceanographicmagazine.com,oceanographicmagazine.com,Oceanographic,Oceanographic Magazine - Conservation / Exploration / Adventure,woocommerce,undefined,152959,1,ecomm,,https://ecomm.design/site/oceanographic/
kennethcole.com,kennethcole.com,Kenneth Cole,Modern Fashion Designed With Purpose | Kenneth Cole,shopify,undefined,153968,1,ecomm,,https://ecomm.design/site/kenneth-cole/
lelabofragrances.com,lelabofragrances.com,Le Labo Fragrances,Le Labo Fragrances | Niche Perfumes and Candles,undefined,undefined,154062,2,ecomm,,https://ecomm.design/site/le-labo-fragrances-2/|https://ecomm.design/site/le-labo-fragrances/
shopmissa.com,shopmissa.com,12. Miss A,"The Original $1 Dollar Makeup, Cosmetics and Beauty Online Shop – Shop Miss A",shopify,,154282,2,search,beauty and skincare,https://www.sitebuilderreport.com/inspiration/shopify-beauty-stores|https://www.omnisend.com/blog/shopify-beauty-stores/
nativecos.com,nativecos.com,Native,Native Deodorant | Clean. Simple. Effective.,shopify,undefined,154735,1,ecomm,,https://ecomm.design/site/native/
manoloblahnik.com,manoloblahnik.com,Manolo Blahnik,The official Manolo Blahnik website | Manolo Blahnik,magento,undefined,155493,1,ecomm,,https://ecomm.design/site/manolo-blahnik/
shopdoen.com,shopdoen.com,DÔEN,DÔEN | Official Site,shopify,undefined,155773,2,ecomm,,https://ecomm.design/site/doen-2/|https://ecomm.design/site/doen/
jet.com,walmart.com,Jet,Walmart | Save Money. Live better.,nextjs,,156182,1,ecomm,,https://ecomm.design/site/jet/
case-mate.com,case-mate.com,Case-Mate,"Trending Jelly Tote Bags, Premium Phone Cases, & Tech Accessories",shopify,undefined,156565,1,ecomm,,https://ecomm.design/site/case-mate/
primallypure.com,primallypure.com,Primally Pure,Primally Pure Skincare,shopify,undefined,157533,1,ecomm,,https://ecomm.design/site/primally-pure/
netflix.shop,netflix.shop,Netflix Shop,The Official Netflix Merch Shop | Netflix Shop,shopify,undefined,159077,1,ecomm,,https://ecomm.design/site/netflix-shop/
amiparis.com,amiparis.com,amiparis.com,Boutique en Ligne Officielle | AMI PARIS FR,shopify,,159099,1,search,fashion and apparel,https://vervaunt.com/19-high-growth-dtc-fashion-brands
choosemuse.com,choosemuse.com,Muse,Muse® EEG Mental Fitness & Sleep Headband,shopify,undefined,159183,1,ecomm,,https://ecomm.design/site/muse/
manieredevoir.com,manieredevoir.com,Manière De Voir,Manière De Voir,shopify,undefined,159284,1,ecomm,,https://ecomm.design/site/maniere-de-voir/
hellowisp.com,hellowisp.com,Wisp,"Online Sexual, Reproductive, and Women's Health Care",nextjs,undefined,159309,1,ecomm,,https://ecomm.design/site/wisp/
chubbiesshorts.com,chubbiesshorts.com,Chubbies,Chubbies Shorts - Proper Length Men's Shorts & So Much More,shopify,undefined,159312,4,lists|search|ecomm,fashion and apparel,https://www.shopify.com/blog/best-ecommerce-sites|https://www.sitebuilderreport.com/inspiration/shopify-clothing-stores|https://colorlib.com/wp/clothing-brand-website-examples/
knix.com,knix.com,Knix,Buy The Most Comfortable Wireless Bras & Seamless Underwear Online – Knix,shopify,undefined,159823,5,search|ecomm,fashion and apparel,https://wisepops.com/blog/shopify-clothing-stores|https://www.omnisend.com/blog/shopify-clothing-stores/|https://www.shopify.com/enterprise/blog/dtc-brands
snowpeak.com,snowpeak.com,Snow Peak,Snow Peak USA - Japanese-Designed Camping Gear & Apparel | Snow Peak,shopify,undefined,160967,2,ecomm,,https://ecomm.design/site/snow-peak-2/|https://ecomm.design/site/snow-peak/
alienware.com,dell.com,Alienware,Alienware Gaming | Dell USA,undefined,undefined,161248,1,ecomm,,https://ecomm.design/site/alienware/
kuhl.com,kuhl.com,,KÜHL | The Art of Performance Clothing and Style,nextjs,,161307,1,search,fashion and apparel,https://reallygooddesigns.com/ecommerce-clothing-website/
drinklmnt.com,drinklmnt.com,Drink LMNT,LMNT | Zero Sugar Electrolytes | Paleo-Keto Friendly Hydration,shopify,undefined,161606,1,ecomm,,https://ecomm.design/site/drink-lmnt/
nudiejeans.com,nudiejeans.com,Nudie Jeans,Nudie Jeans | Create Tomorrow's Vintage,nextjs,undefined,161837,2,ecomm,,https://ecomm.design/site/nudie-jeans/|https://ecomm.design/site/nudie-jeans-co/
morphe.com,morphe.com,Morphe,"Morphe | Eyeshadow Palettes, Lipsticks, Makeup Brushes & More – Morphe US",shopify,,161942,1,search,beauty and skincare,https://www.omnisend.com/blog/shopify-beauty-stores/
uk.morphe.com,uk.morphe.com,11. Morphe,"Morphe UK | Eyeshadow Palettes, Lipstick, Makeup Brushes & More",shopify,,161942,1,search,beauty and skincare,https://eastsideco.com/blog/best-shopify-beauty-and-cosmetics-brands
laperla.com,laperla.com,La Perla,La Perla Atelier,shopify,undefined,161989,1,ecomm,,https://ecomm.design/site/laperla/
thefrankieshop.com,thefrankieshop.com,The Frankie Shop,The Frankie Shop — High End Fashion Clothes for Women,shopify,undefined,162499,5,search|ecomm,fashion and apparel,https://wisepops.com/blog/shopify-clothing-stores|https://www.sitebuilderreport.com/inspiration/shopify-clothing-stores|https://www.omnisend.com/blog/shopify-clothing-stores/
staud.clothing,staud.clothing,STAUD,"STAUD Official Site - Clothing, Handbags, Footwear & Swim",shopify,undefined,162875,1,ecomm,,https://ecomm.design/site/staud/
juicycouture.com,juicycouture.com,Juicy Couture,"Juicy Couture® Official Site | Iconic Tracksuits, Perfume & More",shopify,undefined,163063,1,ecomm,,https://ecomm.design/site/juicy-couture/
baggu.com,baggu.com,baggu,BAGGU,shopify,,166183,1,catalog,,https://catalog.cool/brands/baggu
shop.farmsanctuary.org,shop.farmsanctuary.org,Farm Sanctuary Shop,Farm Sanctuary,undefined,undefined,167468,1,ecomm,,https://ecomm.design/site/farm-sanctuary-shop/
dunhill.com,dunhill.com,Alfred Dunhill,"dunhill official | Designer menswear, bags and accessories",salesforce,,167764,1,ecomm,,https://ecomm.design/site/alfred-dunhill/
liquiddeath.com,liquiddeath.com,Liquid Death,Liquid Death | Murder Your Thirst,shopify,,169172,3,search,fashion and apparel,https://www.shopify.com/enterprise/blog/dtc-brands|https://www.omnisend.com/blog/shopify-food-and-beverage-stores/|https://www.skailama.com/blog/25-top-shopify-food-and-beverage-brands
marni.com,marni.com,Marni,Marni | Official online store,salesforce,undefined,169248,1,ecomm,,https://ecomm.design/site/marni/
propercloth.com,propercloth.com,Proper Cloth,Men's Custom Shirts and Custom Suits | Proper Cloth,undefined,undefined,170353,1,ecomm,,https://ecomm.design/site/proper-cloth/
boxraw.com,boxraw.com,Boxraw,BOXRAW | Pioneering The Boxing Lifestyle,shopify,,172203,1,search,supplements and wellness,https://ecomheroes.dev/blogs/shopify-help/health-wellness-shopify-store-examples?srsltid=AU7gw4WB38KiV9zMrhNZMhackBSSYM_a-IXXEUyNXZy9nWyiPuTqTJV2
theblacktux.com,theblacktux.com,The Black Tux,The Black Tux | Premium Online Suit & Tuxedo Rentals,shopify,undefined,173607,1,ecomm,,https://ecomm.design/site/the-black-tux/
drunkelephant.com,drunkelephant.com,Drunk Elephant,Drunk Elephant | Biocompatible Skincare,salesforce,,174691,3,search,beauty and skincare,https://commerce-ui.com/insights/top-beauty-stores-on-shopify|https://webinopoly.com/pages/top-30-shopify-skincare-stores?srsltid=AU7gw4UNgdc6VT9Wk16Rr3GMtnQI2BrtyV1I_qFe5l2r-93AQQ-5uhnv|https://www.blog.selfnamed.com/business/successful-shopify-skincare-stores
auraframes.com,auraframes.com,Aura,Aura Frames | The Best Digital Picture Frame,undefined,undefined,177025,1,ecomm,,https://ecomm.design/site/aura/
dtcetc.com,dtcetc.com,,DTCetc — The Live Directory of Direct-to-Consumer Brands,shopify,,177911,1,search-result,fashion and apparel,https://www.dtcetc.com/sub-categories/clothing
sitebuilderreport.com,sitebuilderreport.com,,The Best Website Builder: Reviews & Rankings (2026),woocommerce,,178321,2,search-result,fashion and apparel,https://www.sitebuilderreport.com/inspiration/shopify-clothing-stores|https://www.sitebuilderreport.com/inspiration/shopify-beauty-stores
byltbasics.com,byltbasics.com,BYLT Basics,BYLT | Modern Premium Essentials for Men & Women | BYLT,shopify,undefined,178880,1,ecomm,,https://ecomm.design/site/bylt-basics/
credobeauty.com,credobeauty.com,14. Credo,Clean Beauty | Credo Beauty Natural Makeup & Organic Skincare Store,shopify,,179039,4,search|search-result,beauty and skincare,https://www.sitebuilderreport.com/inspiration/shopify-beauty-stores|https://www.omnisend.com/blog/shopify-beauty-stores/|https://webinopoly.com/pages/top-30-shopify-skincare-stores?srsltid=AU7gw4UNgdc6VT9Wk16Rr3GMtnQI2BrtyV1I_qFe5l2r-93AQQ-5uhnv
bjornborg.com,bjornborg.com,Björn Borg,Björn Borg® Sportswear & Underwear | Official Online Store | Björn Borg,undefined,undefined,180498,1,ecomm,,https://ecomm.design/site/bjorn-borg/
whittard.co.uk,whittard.co.uk,Whittard of Chelsea,"Tea, Coffee, Hot Chocolate, Gifts and Tableware | Whittard of Chelsea",salesforce,undefined,181982,1,ecomm,,https://ecomm.design/site/whittard-of-chelsea/
giannichiarini.com,giannichiarini.com,Gianni Chiarini,Gianni Chiarini Firenze Bags and Accessories | GIANNI CHIARINI,undefined,undefined,182586,1,ecomm,,https://ecomm.design/site/gianni-chiarini/
lumedeodorant.com,lumedeodorant.com,Lume Deodorant,Home | Best Deodorant For Women | Lume Whole Body Deodorant,shopify,,186484,1,search,beauty and skincare,https://www.omnisend.com/blog/shopify-beauty-stores/
gearlaunch.com,gearlaunch.com,Gear Launch,GearLaunch | One-Stop Solution for Print-On-Demand Success,webflow,undefined,188264,1,ecomm,,https://ecomm.design/site/gear-launch/
maisonkitsune.com,maisonkitsune.com,Maison Kitsune,HOMEPAGE | Maison Kitsuné,magento,,189093,1,ecomm,,https://ecomm.design/site/maison-kitsune/
shopify.co.uk,shopify.com,Shopify Plus Partner,Shopify: Your Commerce Platform to Sell Online & In Person - Shopify UK,shopify,,191654,2,search,beauty and skincare,https://www.wemakewebsites.com/blog/64-stunning-beauty-website-designs-for-your-inspiration|https://www.wemakewebsites.com/blog/37-best-food-and-drink-e-commerce-websites
tomdixon.net,tomdixon.net,Tom Dixon Studio,Extraordinary Objects | Tom Dixon GB,shopify,undefined,192581,1,ecomm,,https://ecomm.design/site/tom-dixon-studio/
ln-cc.com,ln-cc.com,LN-CC,LN-CC® Official Online Store,salesforce,undefined,193676,1,ecomm,,https://ecomm.design/site/ln-cc/
beer52.com,beer52.com,Beer52,Beer52: Beer Subscription UK | Discover the Best Craft Beer Delivered to Your Door,undefined,undefined,195827,1,ecomm,,https://ecomm.design/site/beer52/
aceandtate.com,aceandtate.com,Ace & Tate,Quality Prescription Glasses from €145 | Ace & Tate,nextjs,,196490,1,ecomm,,https://ecomm.design/site/ace-tate/
dossier.co,dossier.co,Dossier,"Dossier | Made in France perfumes, fair-prices",shopify,undefined,196934,3,search|ecomm,beauty and skincare,https://www.ringly.io/discover/best-dtc-beauty-brands|https://gempages.net/blogs/shopify/shopify-beauty-stores|https://ecomm.design/site/dossier/
augustinusbader.com,augustinusbader.com,Professor Augustinus Bader,Augustinus Bader,shopify,,197295,1,search,beauty and skincare,https://www.tangent.ai/resources/dtc-beauty-brands
fahertybrand.com,fahertybrand.com,17. Faherty Brand,Faherty Brand - Official Site,shopify,,200603,3,search,fashion and apparel,https://www.sitebuilderreport.com/inspiration/shopify-clothing-stores|https://printify.com/blog/shopify-clothing-stores/|https://colorlib.com/wp/clothing-brand-website-examples/
montredo.com,montredo.com,Montredo,MONTREDO - Europe's leading luxury watch e-commerce,shopify,undefined,205138,1,ecomm,,https://ecomm.design/site/montredo/
buckmason.com,buckmason.com,Buck Mason,,shopify,,205534,3,search,fashion and apparel,https://wisepops.com/blog/shopify-clothing-stores|https://www.ringly.io/discover/best-dtc-clothing-brands|https://quoli.io/blogs/8-dtc-fashion-brands-to-watch-now
gfuel.com,gfuel.com,G FUEL,"G FUEL® | Fuel Your Worlds with Energy, Hydration & More",shopify,,205627,3,search,fashion and apparel,https://www.shopify.com/enterprise/blog/dtc-brands|https://www.omnisend.com/blog/shopify-food-and-beverage-stores/|https://www.skailama.com/blog/25-top-shopify-food-and-beverage-brands
littlespoon.com,littlespoon.com,Little Spoon,Organic Baby Food | Healthy Toddler & Kids Meals + Snacks Delivery | Little Spoon,nextjs,undefined,206925,2,search|ecomm,food and drink,https://abovethefray.io/threads/dtc-food-and-beverage|https://ecomm.design/site/little-spoon/
perfectketo.com,perfectketo.com,Perfect Keto,Perfect Keto - Doctor-developed. Backed by science.,shopify,,207863,1,search,food and drink,https://www.skailama.com/blog/25-top-shopify-food-and-beverage-brands
ancientnutrition.com,ancientnutrition.com,Ancient Nutrition,Ancient Nutrition - Dietary Supplements & Vitamins,nextjs,,208050,1,search,supplements and wellness,https://www.shopify.com/enterprise/blog/heath-ecommerce-wellness-online
tracksmith.com,tracksmith.com,Tracksmith,"Performance Running Gear, Apparel, and Accessories | Tracksmith",shopify,undefined,212880,1,ecomm,,https://ecomm.design/site/tracksmith/
coterie.com,coterie.com,Coterie,"Coterie Diapers, Baby Wipes | Clean, High-performing Baby Care | Coterie",nextjs,undefined,220437,1,ecomm,,https://ecomm.design/site/coterie/
khaite.com,khaite.com,Khaite,KHAITE | Womenswear and Leather Goods,shopify,,220638,1,search,fashion and apparel,https://www.omnisend.com/blog/shopify-clothing-stores/
buywow.in,buywow.in,WOW Skin Science,"WOW Skin Science India | Buy Natural Skincare, Haircare & Wellness Products",nextjs,,220714,1,search,beauty and skincare,https://www.omnisend.com/blog/shopify-beauty-stores/
vegamour.com,vegamour.com,Vegamour,VEGAMOUR: Hair Wellness® Delivered,shopify,undefined,221773,1,ecomm,,https://ecomm.design/site/vegamour/
forloveandlemons.com,forloveandlemons.com,For Love & Lemons,Official Site | For Love & Lemons,shopify,undefined,228436,1,ecomm,,https://ecomm.design/site/for-love-lemons/
topodesigns.com,topodesigns.com,Topo Designs,"Backpacks, Bags, and Apparel for Anywhere on Your Map – Topo Designs",shopify,undefined,229166,2,lists|ecomm,,https://www.shopify.com/blog/best-ecommerce-sites|https://ecomm.design/site/topo-designs/
shop.tropicfeel.com,shop.tropicfeel.com,Tropicfeel,Tropicfeel | The Ultimate Travel Gear,shopify,undefined,230429,2,ecomm,,https://ecomm.design/site/tropicfeel-2/|https://ecomm.design/site/tropicfeel/
store.losttype.com,store.losttype.com,Lost Type,The Lost Type Co-op Store,shopify,undefined,231323,1,ecomm,,https://ecomm.design/site/lost-type/
stonewallkitchen.com,stonewallkitchen.com,Stonewall Kitchen,Stonewall Kitchen - Award-Winning Specialty Food Creators,salesforce,undefined,231662,1,ecomm,,https://ecomm.design/site/stonewall-kitchen/
footshop.eu,footshop.eu,Footshop,Footshop - The biggest selection of sneakers!,undefined,undefined,234318,2,ecomm,,https://ecomm.design/site/footshop-2/|https://ecomm.design/site/footshop/
mackweldon.com,mackweldon.com,Mack Weldon,Mack Weldon | Elevated clothing to look and feel your best,shopify,undefined,235922,1,ecomm,,https://ecomm.design/site/mack-weldon/
margauxny.com,margauxny.com,Margaux,Comfortable Designer Heels and Flats for Women | Margaux,shopify,undefined,237488,2,ecomm,,https://ecomm.design/site/margaux-2/|https://ecomm.design/site/margaux/
openfarmpet.com,openfarmpet.com,Open Farm,Best Ethically Sourced Dog & Cat Food | Open Farm,shopify,undefined,238900,1,ecomm,,https://ecomm.design/site/open-farm/
triangl.com,triangl.com,TRIANGL,Women's Bikinis & Swimwear – Triangl,shopify,undefined,239245,1,ecomm,,https://ecomm.design/site/triangl/
drinkpoppi.com,drinkpoppi.com,Poppi,poppi,nextjs,undefined,240013,1,ecomm,,https://ecomm.design/site/poppi/
mankind.co.uk,mankind.co.uk,MANKIND,"Mankind - Men's Grooming, Toiletries & Beauty Products",undefined,undefined,240082,3,search|ecomm,beauty and skincare,https://hyghstreet.com/en/blogs/stories/20-der-besten-beauty-stores-mit-shopify|https://www.wemakewebsites.com/blog/64-stunning-beauty-website-designs-for-your-inspiration|https://ecomm.design/site/mankind/
coca-colastore.com,coca-colastore.com,Coke Store,Custom Coke Bottles & Coca-Cola Collectibles | Coca-Cola Store,magento,undefined,240671,1,ecomm,,https://ecomm.design/site/coke-store/
negativeunderwear.com,negativeunderwear.com,Negative,Negative | Comfortable Women’s Loungewear and Underwear,shopify,undefined,242901,2,lists|ecomm,,https://ecomm.design/best-shopify-stores/|https://ecomm.design/site/negative-underwear/
assos.com,assos.com,ASSOS,Country Chooser | ASSOS Of Switzerland - Official Online Shop,magento,undefined,244505,1,ecomm,,https://ecomm.design/site/assos/
livelarq.com,livelarq.com,LARQ,LARQ | Self-cleaning Water Bottle | As Seen on Shark Tank,nextjs,undefined,245212,1,ecomm,,https://ecomm.design/site/larq/
shop.palaceskateboards.com,palaceskateboards.com,Palace Skateboards,ALL | PALACE SKATEBOARDS,shopify,undefined,246111,1,ecomm,,https://ecomm.design/site/palace-skateboards/
mudwtr.com,mudwtr.com,MUD\WTR,MUD\WTR™: Mushroom Coffee and Alternatives for Focus & Immune Support,shopify,undefined,246388,4,search|ecomm,fashion and apparel,https://www.shopify.com/enterprise/blog/dtc-brands|https://www.skailama.com/blog/25-top-shopify-food-and-beverage-brands|https://www.wemakewebsites.com/blog/37-best-food-and-drink-e-commerce-websites
leesa.com,leesa.com,Leesa,Leesa | NYT Best Hybrid and Memory Foam Mattresses | Leesa,nextjs,undefined,248565,1,ecomm,,https://ecomm.design/site/leesa/
tbs.fr,tbs.fr,TBS,Tbs - Chaussures & Vêtements Sportswear pour Femme & Homme,undefined,undefined,251787,1,ecomm,,https://ecomm.design/site/tbs/
gruns.co,gruns.co,Grüns — stores.gallery,Grüns Daily Nutrition,shopify,,252938,1,gallery,,https://stores.gallery/stores/gruns
tomboyx.com,tomboyx.com,TomboyX,tomboyx | Premium Underwear for All Day Comfort. Fit for You.,shopify,undefined,253210,1,ecomm,,https://ecomm.design/site/tomboyx/
soylent.com,soylent.com,Soylent Plant-Based Protein Shakes,Soylent Let us take a few things off your plate.,shopify,undefined,255654,2,search|ecomm,food and drink,https://www.nordictechhouse.com/post/dtc-brands|https://ecomm.design/site/soylent/
us.foursigmatic.com,us.foursigmatic.com,Four Sigmatic,Shop the original mushroom coffee - Four Sigmatic,shopify,undefined,263885,1,ecomm,,https://ecomm.design/site/four-sigmatic/
cowboy.com,cowboy.com,Cowboy,Cowboy - The Ultimate Connected E-Bikes,shopify,undefined,263971,3,lists|search|ecomm,fashion and apparel,https://www.groovecommerce.com/ecommerce-blog/shopify-website-examples-ecommerce-site-designs|https://www.shopify.com/blog/shopify-stores|https://ecomm.design/site/cowboy/
pelacase.ca,pelacase.ca,Pela,"Eco-Friendly iPhone, Google and Samsung Cases - 100% Compostable – Pela Case",shopify,,264303,1,search,fashion and apparel,https://www.shopify.com/blog/shopify-stores
illamasqua.com,lookfantastic.com,Illamasqua,"LOOKFANTASTIC - Beauty, Fragrances, Skincare & Haircare",,,264515,1,search,beauty and skincare,https://www.wemakewebsites.com/blog/64-stunning-beauty-website-designs-for-your-inspiration
mgemi.com,mgemi.com,M.Gemi,M.Gemi | Handcrafted Women’s and Men’s Italian Shoes,shopify,undefined,264734,1,ecomm,,https://ecomm.design/site/m-gemi/
hibobbie.com,hibobbie.com,Bobbie Baby,Our Best Baby Formula | Bobbie,shopify,undefined,265737,1,ecomm,,https://ecomm.design/site/bobbie-baby/
gerberchildrenswear.com,gerberchildrenswear.com,Gerber Childrenswear,Shop Baby Girl & Baby Boy Clothes | Newborn Through Toddler Styles – Gerber Childrenswear,shopify,,266021,1,search,fashion and apparel,https://printify.com/blog/shopify-clothing-stores/
flatspot.com,flatspot.com,Flat Spot,flatspot | Online Skate Clothing Store Est. 1995,shopify,undefined,266318,1,ecomm,,https://ecomm.design/site/flat-spot/
karenkane.com,karenkane.com,Karen Kane,Karen Kane® | Women's Boho Chic Clothing & Goods,shopify,undefined,268137,1,ecomm,,https://ecomm.design/site/karen-kane/
giadzy.com,giadzy.com,Giadzy,Giadzy by Giada De Laurentiis,shopify,,268556,1,search,food and drink,https://www.omnisend.com/blog/shopify-food-and-beverage-stores/
deliciouslyella.com,deliciouslyella.com,Deliciously Ella,Deliciously Ella (UK) | Plant-Based & Vegan Food and Recipes,shopify,undefined,272703,1,ecomm,,https://ecomm.design/site/deliciously-ella/
tincan.kids,tincan.kids,tin can,"Tin Can - The Landline, Reinvented for Kids",shopify,,272854,1,catalog,,https://catalog.cool/brands/tin-can
beardbrand.com,beardbrand.com,Beardbrand,Beard Products – Beardbrand,shopify,undefined,273848,4,lists|search|ecomm,beauty and skincare,https://www.shopify.com/blog/best-ecommerce-sites|https://eastsideco.com/blog/best-shopify-beauty-and-cosmetics-brands|https://www.wemakewebsites.com/blog/64-stunning-beauty-website-designs-for-your-inspiration
shoptiques.com,shoptiques.com,Shoptiques,Shoptiques | Shop Boutiques Online,shopify,undefined,273906,1,ecomm,,https://ecomm.design/site/shoptiques/
proenzaschouler.com,proenzaschouler.com,Proenza Schouler,Shop Fall 2026 New Arrivals | Proenza Schouler - Official Site,shopify,undefined,274297,1,ecomm,,https://ecomm.design/site/proenza-schouler/
apc.fr,apc.fr,A.P.C.,A.P.C. Paris | Boutique officielle | A.P.C.,shopify,undefined,275719,1,ecomm,,https://ecomm.design/site/a-p-c/
vosgeschocolate.com,vosgeschocolate.com,Vosges Chocolate,Gourmet Chocolate | Luxurious Chocolate | Vosges Haut-Chocolat,shopify,undefined,276005,1,ecomm,,https://ecomm.design/site/vosges-chocolate/
buffalojackson.com,buffalojackson.com,Buffalo Jackson Trading Co.,"Premium Leather Jackets, Bags & Apparel for Men | Buffalo Jackson",shopify,undefined,276176,1,ecomm,,https://ecomm.design/site/buffalo-jackson-trading-co/
axelarigato.com,axelarigato.com,Axel Arigato,AXEL ARIGATO - Official Online Store,nextjs,undefined,276432,1,ecomm,,https://ecomm.design/site/axel-arigato/
girlfriend.com,girlfriend.com,Girlfriend Collective,Girlfriend Collective — Ethically Made Activewear,shopify,undefined,277171,5,search|ecomm,fashion and apparel,https://www.omnisend.com/blog/shopify-clothing-stores/|https://colorlib.com/wp/clothing-brand-website-examples/|https://ecomm.design/site/girlfriend-collective-2/
missguided.co.uk,missguided.com,Missguided,Shop the latest trends at Missguided. Style for the extraordinary.,nextjs,undefined,277259,1,ecomm,,https://ecomm.design/site/missguided/
milkmakeup.com,milkmakeup.com,Milk,Milk Makeup Cosmetics - Clean Beauty + Vegan Makeup,shopify,undefined,277644,2,search|ecomm,beauty and skincare,https://www.wemakewebsites.com/blog/64-stunning-beauty-website-designs-for-your-inspiration|https://ecomm.design/site/milk-makeup/
beckettsimonon.com,beckettsimonon.com,Beckett Simonon,Welcome to the World of Beckett Simonon,shopify,undefined,277990,1,ecomm,,https://ecomm.design/site/beckett-simonon/
lexception.com,lexception.com,L’Exception,"L'Exception, Concept Store Créateur",shopify,undefined,278980,1,ecomm,,https://ecomm.design/site/lexception/
nestig.com,nestig.com,nestig,Delightful Baby & Kids Furniture & Decor | Nestig,shopify,,279185,1,catalog,,https://catalog.cool/brands/nestig
olivercabell.com,olivercabell.com,Oliver Cabell,Oliver Cabell - footwear for comfort & pain relief,shopify,undefined,279283,2,search|ecomm,fashion and apparel,https://wisepops.com/blog/shopify-clothing-stores|https://ecomm.design/site/oliver-cabell/
betabrand.com,betabrand.com,Betabrand,Betabrand | Dress Pant Yoga Pants & Smart Designs For Active Women,shopify,undefined,279381,1,ecomm,,https://ecomm.design/site/betabrand/
ca.keepcup.com,ca.keepcup.com,keepcup,"KeepCup® | Reusable Cups, Bottles & Bowls — Made for Your Ritual | USA",shopify,,280685,1,catalog,,https://catalog.cool/brands/keepcup
biossance.com,biossance.com,Biossance,Biossance Award Winning Squalane for Skin | Biossance,,,282599,2,search,fashion and apparel,https://www.shopify.com/enterprise/blog/dtc-brands|https://webinopoly.com/pages/top-30-shopify-skincare-stores?srsltid=AU7gw4UNgdc6VT9Wk16Rr3GMtnQI2BrtyV1I_qFe5l2r-93AQQ-5uhnv
trafficsafetystore.com,trafficsafetystore.com,Traffic Safety Store,Traffic Safety Store - America's Trusted Source for Traffic Safety Supplies,undefined,undefined,282701,1,ecomm,,https://ecomm.design/site/traffic-safety-store/
mnml.la,mnml.la,MNML,Modern Streetwear - mnml Wardrobe Essentials,shopify,,283914,1,search,fashion and apparel,https://colorlib.com/wp/clothing-brand-website-examples/
christydawn.com,christydawn.com,Christy Dawn,"Christy Dawn - Regenerative, Ethical & Timeless Clothing",shopify,undefined,284093,2,search|ecomm,fashion and apparel,https://wisepops.com/blog/shopify-clothing-stores|https://ecomm.design/site/christy-dawn/
bokksu.com,bokksu.com,Bokksu Snack Box,Bokksu | Authentic Japanese Snack & Candy Subscription Box – Bokksu Snack Box,shopify,,288095,2,search,food and drink,https://www.omnisend.com/blog/shopify-food-and-beverage-stores/|https://www.skailama.com/blog/25-top-shopify-food-and-beverage-brands
perfectsnacks.com,perfectsnacks.com,Mondelez International,Perfect Snacks,shopify,,292530,1,search,food and drink,https://www.fooddive.com/news/Direct-to-consumers-dtc-online-mondelez-sales-consumers-Hershey-PepsiCo/817558/
holdernessandbourne.com,holdernessandbourne.com,Holderness and Bourne,Holderness & Bourne | Men's Modern & Premium Golf Apparel,shopify,,293948,1,lists|search,food and drink,https://wisepops.com/blog/ecommerce-website-design-examples
kotn.com,kotn.com,Kotn,"Kotn | Sustainable Clothing & Home Decor. Quality, Comfort, Ethics.",shopify,undefined,294322,6,search|ecomm|catalog,fashion and apparel,https://wisepops.com/blog/shopify-clothing-stores|https://www.sitebuilderreport.com/inspiration/shopify-clothing-stores|https://www.omnisend.com/blog/shopify-clothing-stores/
beauty-heroes.com,beauty-heroes.com,Beauty Heroes,Beauty Store | Natural Skincare - Beauty Heroes,shopify,,295034,2,search,beauty and skincare,https://www.omnisend.com/blog/shopify-beauty-stores/|https://www.shopify.com/enterprise/blog/best-beauty-ecommerce-sites
maap.cc,maap.cc,MAAP,MAAP | Performance Cycling Apparel & Cycling Kits,shopify,undefined,295375,1,ecomm,,https://ecomm.design/site/maap/
burrow.com,burrow.com,Burrow,Burrow | Modular Furniture & Sofas with Tool-Free Assembly,shopify,undefined,295675,1,ecomm,,https://ecomm.design/site/burrow/
us.dbjourney.com,dbjourney.com,Db Journey,Award-winning Travel Backpacks & Luggage | Db Journey US,shopify,,299459,1,lists|search,food and drink,https://wisepops.com/blog/ecommerce-website-design-examples
grenson.com,grenson.com,Grenson,"Grenson | British designer shoes, handmade since 1866.",bigcommerce,undefined,299600,1,ecomm,,https://ecomm.design/site/grenson/
kachava.com,kachava.com,Ka'Chava,Ka’Chava: The Premium All-in-One Nutrition Shake | Ka'Chava,shopify,,300145,2,search,food and drink,https://www.omnisend.com/blog/shopify-food-and-beverage-stores/|https://www.skailama.com/blog/25-top-shopify-food-and-beverage-brands
inkbox.com,inkbox.com,Inkbox,Tattoos for Every Version of You,shopify,undefined,300703,1,ecomm,,https://ecomm.design/site/inkbox/
edwin-europe.com,edwin-europe.com,Edwin Europe,"EDWIN | Japanese Selvedge Denim, Jeans and Clothing",magento,undefined,301018,1,ecomm,,https://ecomm.design/site/edwin-europe/
goorin.com,goorin.com,Goorin Bros,Goorin Bros.® Hat Shop | Men's & Women's Premium Headwear,shopify,undefined,301087,1,ecomm,,https://ecomm.design/site/goorin-bros/
thefloralsociety.com,thefloralsociety.com,The Floral Society,The Floral Society - Cultivate Beauty at Home,shopify,undefined,301690,1,ecomm,,https://ecomm.design/site/the-floral-society/
imogeneandwillie.com,imogeneandwillie.com,imogene + willie,imogene + willie - premium blue jeans,shopify,undefined,302396,1,ecomm,,https://ecomm.design/site/imogene-willie/
herocosmetics.us,herocosmetics.us,herocosmetics.us,Hero Cosmetics | Empowering Acne Prone Skin,shopify,undefined,302461,2,search|ecomm,beauty and skincare,https://webinopoly.com/pages/top-30-shopify-skincare-stores?srsltid=AU7gw4UNgdc6VT9Wk16Rr3GMtnQI2BrtyV1I_qFe5l2r-93AQQ-5uhnv|https://ecomm.design/site/hero-cosmetics/
dormify.com,dormify.com,Dormify,"Dormify: Quality Bedding, Functional Furniture & Stylish Decor for Dorm Rooms",undefined,undefined,302702,1,ecomm,,https://ecomm.design/site/dormify/
samsonite.co.uk,samsonite.co.uk,Samsonite,Luggage & Travel Bags - Samsonite UK Official Store,salesforce,undefined,302764,1,ecomm,,https://ecomm.design/site/samsonite/
pepperpalace.com,pepperpalace.com,Pepper Palace,Pepper Palace - From Wild to Mild!,shopify,,303083,1,search,food and drink,https://www.omnisend.com/blog/shopify-food-and-beverage-stores/
makeupbymario.com,makeupbymario.com,Makeup By Mario,The Best in Makeup & Makeup Products | MAKEUP BY MARIO,shopify,,303593,1,search,beauty and skincare,https://www.omnisend.com/blog/shopify-beauty-stores/
shop.abbathemuseum.com,shop.abbathemuseum.com,ABBA Museum shop,Shop ABBA The Museum,shopify,undefined,306901,1,ecomm,,https://ecomm.design/site/abba-museum-shop/
papyrusonline.com,papyrusonline.com,Papyrus,Shop Greeting Cards And Gift Packaging | Papyrus,woocommerce,undefined,307547,1,ecomm,,https://ecomm.design/site/papyrus/
lagarconne.com,lagarconne.com,La Garçonne,La Garçonne | A Unique Point of View in Luxury Fashion,shopify,undefined,307714,1,ecomm,,https://ecomm.design/site/la-garconne/
p448.com,p448.com,P448,P448® Italian Sneakers,shopify,undefined,308160,1,ecomm,,https://ecomm.design/site/p448/
drdennisgross.com,drdennisgross.com,Dr Dennis Gross Skincare,Dr Dennis Gross Skincare® - Award Winning Skin Care Products,salesforce,,308375,1,search,beauty and skincare,https://www.omnisend.com/blog/shopify-beauty-stores/
thesak.com,thesak.com,The Sak,"Sustainable Crochet Bags, Crochet Clogs & Accessories | The Sak",shopify,undefined,310178,1,ecomm,,https://ecomm.design/site/the-sak/
onceuponafarmorganics.com,onceuponafarmorganics.com,Once Upon a Farm,Once Upon a Farm | Clean Baby Food & Kids' Snacks,shopify,undefined,313423,1,ecomm,,https://ecomm.design/site/once-upon-a-farm/
chromeindustries.com,chromeindustries.com,Chrome Industries,"Chrome Industries | Messenger Bags, Backpacks, & Tech Gear",shopify,undefined,313993,2,ecomm,,https://ecomm.design/site/chrome-industries-2/|https://ecomm.design/site/chrome-industries/
overtone.co,overtone.co,oVertone,Overtone Color-Depositing Conditioners and Masks | Vibrant Hair Color,shopify,,314154,1,search,beauty and skincare,https://gempages.net/blogs/shopify/shopify-beauty-stores
woolandthegang.com,woolandthegang.com,Wool and The Gang,"Knitting and Crochet Kits, Yarns, and Supplies | Wool and the Gang",undefined,undefined,314631,1,ecomm,,https://ecomm.design/site/wool-and-the-gang/
thehundreds.com,thehundreds.com,The Hundreds,The Hundreds,shopify,undefined,314747,1,ecomm,,https://ecomm.design/site/the-hundreds/
authenticjobs.com,authenticjobs.com,Jobs For Web Designers,"Designer, Creatives and Developers Jobs Board | Authentic Positions",woocommerce,,315379,1,search,food and drink,https://1stwebdesigner.com/food-beverage-ecommerce-web-designs/
dorothee-schumacher.com,dorothee-schumacher.com,Dorothee Schumacher,DOROTHEE SCHUMACHER - Official Online Store,undefined,undefined,316877,1,ecomm,,https://ecomm.design/site/dorothee-schumacher/
elvie.com,elvie.com,Elvie,Smarter technology for women | Elvie Trainer and Elvie Pump | Elvie,shopify,undefined,320408,1,ecomm,,https://ecomm.design/site/elvie/
ca.leftonfriday.com,ca.leftonfriday.com,left on friday,Left On Friday - Premium Active Swimwear. – Left On Friday Canada,shopify,,322183,1,catalog,,https://catalog.cool/brands/left-on-friday
cutterbuck.com,cutterbuck.com,Cutter & Buck,"Work-to-Weekend Sportswear, Golf Apparel & Fan Gear - Cutter & Buck",bigcommerce,undefined,322541,1,ecomm,,https://ecomm.design/site/cutter-buck/
perelelhealth.com,perelelhealth.com,Perelel,Perelel - Doctor-made vitamins for every stage of you,shopify,undefined,325741,1,ecomm,,https://ecomm.design/site/perelel/
ellaskitchen.co.uk,ellaskitchen.co.uk,Ella’s Kitchen,"Baby Food, Weaning + Recipes | Ella's Kitchen",wordpress,undefined,326105,1,ecomm,,https://ecomm.design/site/ellas-kitchen/
shop.met-helmets.com,met-helmets.com,MET HELMETS,"MET Helmets | Road, MTB, City and Kids Helmets",woocommerce,undefined,326176,1,ecomm,,https://ecomm.design/site/met-helmets/
velasca.com,velasca.com,Velasca,"Velasca | Italian style, made to last",shopify,,326184,4,lists|search|ecomm,fashion and apparel,https://ecomm.design/best-shopify-stores/|https://www.groovecommerce.com/ecommerce-blog/shopify-website-examples-ecommerce-site-designs|https://www.shopify.com/blog/shopify-stores
loveamika.com,loveamika.com,amika,professional haircare and tools for your hair type | amika,shopify,undefined,327585,1,ecomm,,https://ecomm.design/site/amika/
ctshirts.com,charlestyrwhitt.com,Charles Tyrwhitt,Men's Clothing & Formal Menswear | Charles Tyrwhitt,salesforce,undefined,327806,1,ecomm,,https://ecomm.design/site/charles-tyrwhitt/
bigcommerce.co.uk,bigcommerce.co.uk,🇬🇧United Kingdom,Commerce built for momentum. | BigCommerce,bigcommerce,,328098,1,lists,,https://www.bigcommerce.com/blog/best-ecommerce-stores/
moonjuice.com,moonjuice.com,Moon Juice,Moon Juice - Adaptogenic Beauty & Wellbeing,shopify,undefined,328112,2,ecomm,,https://ecomm.design/site/moon-juice-2/|https://ecomm.design/site/moon-juice/
casamance.com,casamance.com,Casamance,"Tissu, papier peint & revêtement mural - Casamance",magento,undefined,329225,1,ecomm,,https://ecomm.design/site/casamance/
thisisneeded.com,thisisneeded.com,Needed,"Needed | Prenatal, Postnatal & Women's Health Supplements",shopify,undefined,330341,1,ecomm,,https://ecomm.design/site/needed/
spiritualgangster.com,spiritualgangster.com,Spiritual Gangster,Shop Women's Activewear Yoga Wear and Spiritual Clothing | Spiritual Gangster,shopify,,332019,2,search,fashion and apparel,https://www.omnisend.com/blog/shopify-clothing-stores/|https://colorlib.com/wp/clothing-brand-website-examples/
thesportsedit.com,thesportsedit.com,The Sports Edit,"The Sports Edit | Activewear, Yoga and Running",shopify,undefined,332222,1,ecomm,,https://ecomm.design/site/the-sports-edit/
seedlipdrinks.com,seedlipdrinks.com,Seedlip,Non Alcoholic Drinks | Distilled Non Alcoholic Spirits | Seedlip | Seedlip,shopify,undefined,335255,2,search|ecomm,food and drink,https://www.wemakewebsites.com/blog/37-best-food-and-drink-e-commerce-websites|https://ecomm.design/site/seedlip/
getspeks.com,getspeks.com,Speks,Shop Speks,shopify,undefined,336675,1,ecomm,,https://ecomm.design/site/speks/
hellomockingbird.com,hellomockingbird.com,Mockingbird,Mockingbird | 2026's Top-Rated Stroller and High Chair,shopify,undefined,338052,1,ecomm,,https://ecomm.design/site/mockingbird/
theoodie.com,theoodie.com,The Oodie,The Oodie | Oversized Wearable Blankets & Accessories,shopify,,338203,1,search,food and drink,https://www.chargeflow.io/blog/dtc-ecommerce-brands-2024
wildfang.com,wildfang.com,Wildfang,WILDFANG | BEST SELF GUARANTEED – Wildfang,shopify,undefined,341576,1,ecomm,,https://ecomm.design/site/wildfang/
davidprotein.com,davidprotein.com,David Protein,David Protein,shopify,,344547,3,search|gallery,food and drink,https://eastsideco.com/blog/best-food-ecommerce-stores|https://www.ecomdesignawards.com/category/food-drink|https://stores.gallery/stores/davidprotein
ohsnap.com,ohsnap.com,Ohsnap,Phone Grips & Accessories That Don't Suck. – Ohsnap,shopify,undefined,345009,1,ecomm,,https://ecomm.design/site/ohsnap/
tubbytodd.com,tubbytodd.com,Tubby Todd Bath Co,Tubby Todd | Gentle Baby Skincare for Sensitive Skin,shopify,,349702,1,search,beauty and skincare,https://www.omnisend.com/blog/shopify-beauty-stores/
malinandgoetz.com,malinandgoetz.com,Malin+Goetz,skincare you trust+scents you love. | (MALIN+GOETZ),magento,undefined,351207,1,ecomm,,https://ecomm.design/site/malingoetz/
patchplants.com,patchplants.com,Patch plants,Patch: Plants Made Easy & Delivered to your Door,shopify,undefined,351632,1,ecomm,,https://ecomm.design/site/patch-plants/
nuunlife.com,nuunlife.com,Nuun,Nuun Hydration: Electrolyte Tablets and Powerful Hydration Products,shopify,undefined,352227,1,ecomm,,https://ecomm.design/site/nuun/
bbcicecream.eu,bbcicecream.eu,Billionaire Boys Club,Billionaire Boys Club & ICECREAM | Official EU Store,shopify,undefined,352368,1,ecomm,,https://ecomm.design/site/billionaire-boys-club/
athleticpropulsionlabs.com,athleticpropulsionlabs.com,Athletic Propulsion Labs,Men's & Women's Athletic Footwear & Accessories,shopify,undefined,353215,1,ecomm,,https://ecomm.design/site/athletic-propulsion-labs/
danessamyricksbeauty.com,danessamyricksbeauty.com,Danessa Myricks Beauty,Danessa Myricks Beauty,shopify,,354210,1,search,beauty and skincare,https://www.ringly.io/discover/best-dtc-beauty-brands
dogishuman.com,dogishuman.com,Dog is Human,Dog is Human • Human-Grade Pet Health,shopify,undefined,354307,1,ecomm,,https://ecomm.design/site/dog-is-human/
hedleyandbennett.com,hedleyandbennett.com,Hedley & Bennett,Hedley & Bennett,shopify,,354443,1,lists,,https://www.shopify.com/blog/11863377-30-beautiful-and-creative-ecommerce-website-designs
noissue.co,noissue.co,noissue.co,Custom Packaging That's Sustainable & Eco-Friendly | noissue,nextjs,undefined,355337,1,ecomm,,https://ecomm.design/site/noissue-co/
shop.gessato.com,shop.gessato.com,Gessato,Gessato Design Store,woocommerce,undefined,355579,1,ecomm,,https://ecomm.design/site/gessato/
americanleather.com,americanleather.com,American Leather,American Leather: Furniture Handcrafted in the US,bigcommerce,undefined,355761,1,ecomm,,https://ecomm.design/site/american-leather/
perfectwhitetee.com,perfectwhitetee.com,PerfectWhiteTee,"perfectwhitetee | thoughtfully designed in los angeles, california",shopify,,356068,1,lists,,https://www.shopify.com/blog/11863377-30-beautiful-and-creative-ecommerce-website-designs
gubi.com,gubi.com,GUBI,GUBI is a design company dedicated to celebrating the luxury of living life. | GUBI,nextjs,undefined,357855,1,ecomm,,https://ecomm.design/site/gubi/
soulland.com,soulland.com,Soulland,Soulland,shopify,undefined,359054,1,ecomm,,https://ecomm.design/site/soulland/
getmaude.com,getmaude.com,Maude,Modern Intimate Wellness Essentials,shopify,undefined,359423,1,ecomm,,https://ecomm.design/site/maude/
injinji.com,injinji.com,Injinji,High Quality Performance Toesocks | Injinji®,magento,undefined,360499,1,ecomm,,https://ecomm.design/site/injinji/
buddhatobuddha.com,buddhatobuddha.com,Buddha to Buddha,Buddha to Buddha - Officiële Online Shop | Handgemaakte Sieraden,magento,undefined,362425,1,ecomm,,https://ecomm.design/site/buddha-to-buddha/
us.dryrobe.com,us.dryrobe.com,Dryrobe,dryrobe USA - the World's most versatile change poncho – Dryrobe® USA,shopify,,362559,1,lists,,https://ecomm.design/best-shopify-stores/
feedonomics.com,feedonomics.com,Feedonomics,,woocommerce,,365749,1,lists,,https://www.bigcommerce.com/blog/best-ecommerce-stores/
forbesbulgaria.com,forbesbulgaria.com,,Forbes Bulgaria,woocommerce,,368950,1,search,supplements and wellness,https://craftberry.co/articles/best-shopify-supplement-stores
sakura.co,sakura.co,,Sakuraco | Japanese Snacks & Candy Subscription Box,nextjs,,369985,1,search,food and drink,https://kadence.com/en-us/knowledge/how-dtc-food-brands-are-changing-the-rules/
michaelstars.com,michaelstars.com,Michael Stars,"Michael Stars | High Quality Clothing, Made in LA",shopify,,370186,1,search,fashion and apparel,https://wisepops.com/blog/shopify-clothing-stores
tinycottons.com,tinycottons.com,tiny cottons,TINYCOTTONS,shopify,,370758,1,catalog,,https://catalog.cool/brands/tiny-cottons
obeyclothing.com,obeyclothing.com,OBEY Clothing,OBEY – OBEY CLOTHING,shopify,undefined,373578,1,ecomm,,https://ecomm.design/site/obey-clothing/
crossrope.com,crossrope.com,Crossrope,Crossrope: The Best Weighted Jump Rope Experience,shopify,undefined,374912,3,search|ecomm,supplements and wellness,https://www.byassociationonly.com/articles/health-and-wellness-brands-on-shopify|https://ecomheroes.dev/blogs/shopify-help/health-wellness-shopify-store-examples?srsltid=AU7gw4WB38KiV9zMrhNZMhackBSSYM_a-IXXEUyNXZy9nWyiPuTqTJV2|https://ecomm.design/site/crossrope/
us.hismileteeth.com,us.hismileteeth.com,Hismile,Hismile™ Official | At-home Oral Care,shopify,,376227,1,search,beauty and skincare,https://www.omnisend.com/blog/shopify-beauty-stores/
int.hismileteeth.com,int.hismileteeth.com,Hismile,Hismile™ Official | At-home Oral Care,shopify,,376227,1,search,beauty and skincare,https://www.shopify.com/enterprise/blog/best-beauty-ecommerce-sites
pfflyers.com,pfflyers.com,PF Flyers,Shop Comfortable Canvas Sneakers High-Tops & Low-Tops from P.F. Flyers,shopify,undefined,376971,1,ecomm,,https://ecomm.design/site/pf-flyers/
drakerelated.com,drakerelated.com,Drake Related – Digital Shop,Drake Related – The Official Website of Drake,shopify,undefined,378386,1,ecomm,,https://ecomm.design/site/drake-related/
heatonist.com,heatonist.com,Heatonist,HEATONIST Hot Sauce | For Hot Sauce Lovers by Hot Sauce Lovers,shopify,,378557,3,search,food and drink,https://www.omnisend.com/blog/shopify-food-and-beverage-stores/|https://gempages.net/blogs/shopify/top-10-shopify-food-and-beverage-stores|https://eastsideco.com/blog/best-food-ecommerce-stores
daintyjewells.com,daintyjewells.com,Dainty Jewell’s,"Dainty Jewells | Modest Clothing for Women, Girls & Weddings",bigcommerce,undefined,383359,1,ecomm,,https://ecomm.design/site/dainty-jewells/
houdinisportswear.com,houdinisportswear.com,Houdini,Houdini Webbutik | Houdini Sportswear Official,shopify,undefined,383404,1,ecomm,,https://ecomm.design/site/houdini/
oliveclothing.com,oliveclothing.com,Olive,Olive | Contemporary Lifestyle,bigcommerce,undefined,384486,1,ecomm,,https://ecomm.design/site/olive/
chargeflow.io,chargeflow.io,,AI Chargeback Management & Prevention | Chargeflow,woocommerce,,385111,1,search-result,food and drink,https://www.chargeflow.io/blog/dtc-ecommerce-brands-2024
shopproclub.com,shopproclub.com,Pro Club,"Shop Pro Club T-Shirts, Hoodies, Shorts, Heavyweight, Comfort, and More | Comfort & Style Since 1986",magento,,386239,1,search,fashion and apparel,https://wisepops.com/blog/shopify-clothing-stores
goclove.com,goclove.com,Clove,Best Shoes For Healthcare Workers 2026 | Clove,shopify,undefined,387324,2,ecomm,,https://ecomm.design/site/clove-2/|https://ecomm.design/site/clove/
lunya.co,lunya.co,#ShareALittleHope,"Luxury Pajamas, Loungewear & Sleepwear | Free Shipping | Lunya",shopify,,387868,1,search,fashion and apparel,https://www.extole.com/blog/4-direct-sales-clothing-companies-thriving/
mikimoto.co.uk,mikimoto.co.uk,Mikimoto,MIKIMOTO - The originator of cultured pearls. Since 1893.,magento,undefined,389230,1,ecomm,,https://ecomm.design/site/mikimoto/
ecko.com,ecko.com,Ecko Unltd.,"The ORIGINAL Street Wear Brand, Men's Apparel | ECKO UNLTD.",shopify,undefined,389371,1,ecomm,,https://ecomm.design/site/ecko-unltd/
deadstock.ca,deadstock.ca,39. Deadstock,Livestock,shopify,undefined,390166,2,search|ecomm,fashion and apparel,https://www.sitebuilderreport.com/inspiration/shopify-clothing-stores|https://ecomm.design/site/livestock-canada/
illumicrate.com,illumicrate.com,Illumicrate,Illumicrate,shopify,undefined,390859,1,ecomm,,https://ecomm.design/site/illumicrate/
intl.lespecs.com,intl.lespecs.com,le specs,"Shop Sunglasses, Blue Light and Optical Glasses | Le Specs",shopify,,391623,1,catalog,,https://catalog.cool/brands/le-specs
usc.co.uk,usc.co.uk,USC,"USC | Discover mens, womens and kids branded clothing, shoes and accessories from the biggest brands. Shop now at USC.",nextjs,undefined,394700,1,ecomm,,https://ecomm.design/site/usc/
pipsticks.com,pipsticks.com,Pipsticks,"Stickers! Buy Cute Stickers for Kids, Crafters, Anyone!",shopify,undefined,396417,1,ecomm,,https://ecomm.design/site/pipsticks/
juicebeauty.com,juicebeauty.com,Juice Beauty,Juice Beauty | Juice In. Junk Out.,shopify,,397500,1,search,beauty and skincare,https://www.omnisend.com/blog/shopify-beauty-stores/
l-r-g.com,l-r-g.com,,LRG Clothing | Since 1999,shopify,,398366,1,search,fashion and apparel,https://reallygooddesigns.com/ecommerce-clothing-website/
mocka.com.au,mocka.com.au,Mocka Australia,"Mocka: The Destination for Modern, Affordable Furniture",shopify,undefined,400152,2,ecomm,,https://ecomm.design/site/mocka-australia-2/|https://ecomm.design/site/mocka-australia/
eu.neomwellbeing.com,eu.neomwellbeing.com,Neom Organics,NEOM Wellbeing – NEOM Wellbeing EU,shopify,,401923,1,search,supplements and wellness,https://ecomheroes.dev/blogs/shopify-help/health-wellness-shopify-store-examples?srsltid=AU7gw4WB38KiV9zMrhNZMhackBSSYM_a-IXXEUyNXZy9nWyiPuTqTJV2
pepper-home.com,pepper-home.com,Pepper Home,"Pepper Home | Custom Curtains, Furniture & Decor",shopify,undefined,402210,1,ecomm,,https://ecomm.design/site/pepper-home/
nativepet.com,nativepet.com,Native Pet — stores.gallery,Native Pet Dog Supplements,shopify,,402475,1,gallery,,https://stores.gallery/stores/nativepet
neighborhood.jp,neighborhood.jp,neighborhood.jp,NEIGHBORHOOD,shopify,,406571,1,search,fashion and apparel,https://vervaunt.com/19-high-growth-dtc-fashion-brands
viettishop.com,viettishop.com,Vietti,"VIETTI | Designer e maison per donna e uomo, dal 1952 ad Arona",shopify,undefined,407767,1,ecomm,,https://ecomm.design/site/vietti/
rondorff.com,rondorff.com,RON DORFF,"Ron Dorff | Shop Sportswear, Swimwear & Underwear online",shopify,undefined,408652,1,ecomm,,https://ecomm.design/site/ron-dorff/
saiehello.com,saiehello.com,saie,Saie | Clean Makeup You'll Love,shopify,undefined,408725,2,catalog|ecomm,,https://catalog.cool/brands/saie|https://ecomm.design/site/saie/
jabraenhance.com,jabraenhance.com,Jabra Enhance,Jabra Enhance Select Hearing Aids - Buy Online,nextjs,,409230,1,search,fashion and apparel,https://builtin.com/articles/direct-to-consumer-brands
farmex.cl,farmex.cl,View Website ↗,"FarmEx, tu Farmacia Online 24/7 con despacho a domicilio - Farmex",shopify,,409524,1,search,supplements and wellness,https://www.skailama.com/shopify-stores/wellness
graze.com,graze.com,Graze,Graze,shopify,undefined,409641,1,ecomm,,https://ecomm.design/site/graze/
itsa10haircare.com,itsa10haircare.com,It’s a 10 Haircare,Luxury Hair Products for every hair type | It's a 10 Haircare,shopify,,410088,1,search,beauty and skincare,https://www.omnisend.com/blog/shopify-beauty-stores/
hipvan.com,hipvan.com,HipVan,Buy Furniture Online in Singapore | HipVan,undefined,undefined,411892,1,ecomm,,https://ecomm.design/site/hipvan/
cakesbody.com,cakesbody.com,Cakes BODY,CAKES Body® - Viral Boob Solutions – CAKES body,shopify,undefined,416281,1,ecomm,,https://ecomm.design/site/cakes-body/
kikki-k.com,kikki-k.com,kikkiK,Navigate Your Life In Style | kikki.K,shopify,undefined,417584,1,ecomm,,https://ecomm.design/site/kikkik/
hummingbirdbakery.com,hummingbirdbakery.com,The Hummingbird Bakery,Welcome to The Hummingbird Bakery | Authentic American-style Bakery,magento,,420998,1,search,food and drink,https://www.wemakewebsites.com/blog/37-best-food-and-drink-e-commerce-websites
shopifyacademy.com,shopifyacademy.com,Start learning now,Shopify Academy,shopify,,424856,7,lists|search,fashion and apparel,https://www.shopify.com/blog/best-ecommerce-sites|https://www.shopify.com/blog/11863377-30-beautiful-and-creative-ecommerce-website-designs|https://www.shopify.com/blog/shopify-stores
loandsons.com,loandsons.com,Lo & Sons,Travel Bags Designed Thoughtfully & Sustainably Made - Lo & Sons,shopify,undefined,424911,1,ecomm,,https://ecomm.design/site/lo-sons/
lairdsuperfood.com,lairdsuperfood.com,Laird Superfood,Laird Superfood - Sustained Energy From Real Food,shopify,,425671,2,search,supplements and wellness,https://www.byassociationonly.com/articles/health-and-wellness-brands-on-shopify|https://ecomheroes.dev/blogs/shopify-help/health-wellness-shopify-store-examples?srsltid=AU7gw4WB38KiV9zMrhNZMhackBSSYM_a-IXXEUyNXZy9nWyiPuTqTJV2
innonature.eu,innonature.eu,InnoNature,INNONATURE - We care for you.,shopify,,426153,1,search,supplements and wellness,https://ecomheroes.dev/blogs/shopify-help/health-wellness-shopify-store-examples?srsltid=AU7gw4WB38KiV9zMrhNZMhackBSSYM_a-IXXEUyNXZy9nWyiPuTqTJV2
graflantz.com,graflantz.com,graf lantz,Graf Lantz | Hand Made Merino Wool Bags and Home Goods,shopify,,427305,1,catalog,,https://catalog.cool/brands/graf-lantz
necessaire.com,necessaire.com,Nécessaire,Nécessaire,shopify,undefined,428953,1,ecomm,,https://ecomm.design/site/necessaire/
absolutecollagen.com,absolutecollagen.com,18. Absolute Collagen,The UK’s #1 Collagen Brand | Absolute Collagen,,,433765,1,search,beauty and skincare,https://eastsideco.com/blog/best-shopify-beauty-and-cosmetics-brands
artoyz.com,artoyz.com,ARTOYZ,"Artoyz: Revendeur officiel Bearbrick, Designer Toys & Art Toys | Paris",shopify,undefined,435051,1,ecomm,,https://ecomm.design/site/artoyz/
trulybeauty.com,trulybeauty.com,Truly Beauty,Truly - Vegan. High Performance. Cruelty Free. Clean Beauty.,shopify,,435076,1,search,beauty and skincare,https://www.omnisend.com/blog/shopify-beauty-stores/
superette.co.nz,superette.co.nz,Superette,Women's & Men's Designer Clothing & Homeware | Superette,shopify,undefined,437108,1,ecomm,,https://ecomm.design/site/superette/
kitandace.com,kitandace.com,Kit and Ace,Kit + Ace: Always Works. – Kit and Ace,shopify,undefined,437443,1,ecomm,,https://ecomm.design/site/kit-and-ace/
ascolour.co.nz,ascolour.co.nz,AS Colour,AS Colour NZ | Premium Blank Apparel New Zealand,bigcommerce,undefined,442657,1,ecomm,,https://ecomm.design/site/as-colour/
carluccios.com,carluccios.com,Carluccios,Carluccio's,shopify,undefined,446834,1,ecomm,,https://ecomm.design/site/carluccios/
thehoneypot.co,thehoneypot.co,The Honey Pot,Plant-Derived Feminine Care | Female Hygiene - Honey Pot Feminine Care – The Honey Pot - Feminine Care,shopify,undefined,447246,3,search|ecomm,fashion and apparel,https://www.shopify.com/blog/shopify-stores|https://gempages.net/blogs/shopify/shopify-beauty-stores|https://ecomm.design/site/the-honey-pot-company/
grownalchemist.com,grownalchemist.com,Grown Alchemist,Grown Alchemist | The Alchemy of Total Skin Health | US,shopify,undefined,448575,2,ecomm,,https://ecomm.design/site/grown-alchemist-2/|https://ecomm.design/site/grown-alchemist/
commerce.com,commerce.com,Commerce,Commerce: We’re powering what’s next,bigcommerce,,449275,1,lists,,https://www.bigcommerce.com/blog/best-ecommerce-stores/
frankdarling.com,frankdarling.com,Frank Darling,Frank Darling | Custom Designed Unique Engagement Rings,shopify,undefined,450526,1,ecomm,,https://ecomm.design/site/frank-darling/
eur.farer.com,eur.farer.com,Farer,Farer Watches - British Design x Swiss Made – Farer EUR,shopify,undefined,451668,1,ecomm,,https://ecomm.design/site/farer/
footshop.com,footshop.com,Footshop,Footshop - The biggest selection of sneakers!,undefined,undefined,451931,1,ecomm,,https://ecomm.design/site/footshop-3/
drinkcann.com,drinkcann.com,Cann,Shop Cann Social Tonics Online,shopify,undefined,454987,1,ecomm,,https://ecomm.design/site/cann/
miir.com,miir.com,MiiR,MiiR | Design forward. Generosity driven.,shopify,undefined,456315,1,ecomm,,https://ecomm.design/site/miir/
soludos.com,soludos.com,Soludos,Soludos - The Official Home of Soludos Espadrilles and Sneakers,shopify,undefined,456480,1,ecomm,,https://ecomm.design/site/soludos-2/
mynuface.com,mynuface.com,mynuface.com,NUFACE Microcurrent Facial Toning Devices & Skincare,shopify,,456680,1,search,beauty and skincare,https://webinopoly.com/pages/top-30-shopify-skincare-stores?srsltid=AU7gw4UNgdc6VT9Wk16Rr3GMtnQI2BrtyV1I_qFe5l2r-93AQQ-5uhnv
weezietowels.com,weezietowels.com,Weezie,Luxury Monogrammed Towels and Wears | Weezie Towels,shopify,undefined,457547,1,ecomm,,https://ecomm.design/site/weezie/
snif.co,snif.co,Snif,Fine Fragrances & Scented Candles | Snif,shopify,,460179,2,lists|search,beauty and skincare,https://wisepops.com/blog/ecommerce-website-design-examples|https://qodeinteractive.com/magazine/examples-of-gorgeous-skincare-beauty-websites/
donaldpliner.com,donaldpliner.com,Donald Pliner,Donald Pliner Official Site,nextjs,undefined,460309,1,ecomm,,https://ecomm.design/site/donald-pliner/
kringlecandle.com,kringlecandle.com,Kringle Candle Company,Kringle Candle - Made For Candle Lovers,shopify,undefined,466564,1,ecomm,,https://ecomm.design/site/kringle-candle-company/
sundayriley.com,sundayriley.com,Sunday Riley,"Sunday Riley I Always Clean, Always Cruelty-Free, Sustainable Skincare",shopify,,468012,2,search,beauty and skincare,https://www.omnisend.com/blog/shopify-beauty-stores/|https://webinopoly.com/pages/top-30-shopify-skincare-stores?srsltid=AU7gw4UNgdc6VT9Wk16Rr3GMtnQI2BrtyV1I_qFe5l2r-93AQQ-5uhnv
sabre-paris.com,sabre-paris.com,sabre paris,Couverts tendances signés Sabre Paris | Sabre Paris,shopify,,470256,1,catalog,,https://catalog.cool/brands/sabre-paris
printworksmarket.com,printworksmarket.com,Printworks,PRINTWORKS | A coffee table concept | Autumn news has arrived,shopify,undefined,474953,1,ecomm,,https://ecomm.design/site/printworks/
elfcosmetics.co.uk,elfcosmetics.co.uk,3. e.l.f. Cosmetics,e.l.f. Cosmetics: Affordable Makeup & Skincare - Cruelty Free | e.l.f. Cosmetics,shopify,,478044,1,search,beauty and skincare,https://eastsideco.com/blog/best-shopify-beauty-and-cosmetics-brands
bigblanket.com,bigblanket.com,Big Blanket,Big Blanket Co® | World's Biggest Blankets & Bedding,shopify,undefined,478048,1,ecomm,,https://ecomm.design/site/big-blanket/
store.leibal.com,store.leibal.com,Leibal,Leibal Store - Contemporary Collectible Furniture and Design,shopify,undefined,482328,1,ecomm,,https://ecomm.design/site/leibal/
erdem.com,erdem.com,Erdem,ERDEM | Official Website and Online Boutique,shopify,undefined,482595,1,ecomm,,https://ecomm.design/site/erdem/
stinegoya.com,stinegoya.com,Stine Goya,Stine Goya Official Website,shopify,undefined,485110,1,ecomm,,https://ecomm.design/site/stine-goya/
teapigs.co.uk,teapigs.co.uk,Tea Pigs,Tea Collection | Assorted Tea Bags | teapigs uk,undefined,undefined,485458,2,search|ecomm,food and drink,https://www.wemakewebsites.com/blog/37-best-food-and-drink-e-commerce-websites|https://ecomm.design/site/teapigs/
vacation.inc,vacation.inc,Vacation,Vacation® The World's Best-Smelling Sunscreen,shopify,undefined,486937,3,lists|search|ecomm,beauty and skincare,https://www.shopify.com/blog/11863377-30-beautiful-and-creative-ecommerce-website-designs|https://dominikatracy.com/best-beauty-and-cosmetics-e-commerce-websites/|https://ecomm.design/site/vacation/
golflefleur.com,golflefleur.com,golflefleur.com,GOLF le FLEUR*,shopify,,487085,1,search,fashion and apparel,https://vervaunt.com/19-high-growth-dtc-fashion-brands
shopdressup.com,shopdressup.com,Dress Up,Women’s Online Boutique | Trendy Women’s Clothing | Shop Dress Up,shopify,undefined,490428,1,ecomm,,https://ecomm.design/site/dress-up/
homesick.com,homesick.com,Homesick,Natural Soy Wax Blend Scented Candles | Homesick,shopify,undefined,490954,1,ecomm,,https://ecomm.design/site/homesick/
needsupply.com,needsupply.com,Need Supply Co.,Need Supply Co.,squarespace,undefined,492259,1,ecomm,,https://ecomm.design/site/need-supply-co/
blackoptical.com,blackoptical.com,Black Optical,Curated Designer Eyewear | High Fashion Eyewear | Black Optical,shopify,undefined,493213,1,ecomm,,https://ecomm.design/site/black-optical/
theearthlingco.com,theearthlingco.com,The Earthling Co. — stores.gallery,"The Earthling Co.™ Official Site | Clean Personal Care, Real Results",shopify,,494173,1,gallery,,https://stores.gallery/stores/theearthlingco
truelinkswear.com,truelinkswear.com,TRUE linkswear,TRUE linkswear™ | Comfortable Golf Footwear & Apparel,shopify,undefined,495242,1,ecomm,,https://ecomm.design/site/true-linkswear/
bonia.com,bonia.com,BONIA,BONIA | International Luxury Brand & Leather Expert Est. 1974 – BONIA International,shopify,undefined,498094,1,ecomm,,https://ecomm.design/site/bonia/
buffy.co,buffy.co,Buffy Comforters,Foundational Sleep Starts Here | Buffy,shopify,undefined,499724,1,ecomm,,https://ecomm.design/site/buffy-comforters/
zbiotics.com,zbiotics.com,ZBiotics,ZBiotics | Genetically Engineered Probiotics People Love,shopify,undefined,499767,2,ecomm,,https://ecomm.design/site/zbiotics-2/|https://ecomm.design/site/zbiotics/
vollebak.com,vollebak.com,Vollebak,Vollebak | Clothes from the future,shopify,undefined,500821,1,ecomm,,https://ecomm.design/site/vollebak/
arhoj.com,arhoj.com,Studio Arhoj Shop,The Studio Arhoj Web Shop – Studio Arhoj Store,shopify,undefined,502779,1,ecomm,,https://ecomm.design/site/studio-arhoj-shop/
beautyblender.com,beautyblender.com,Beautyblender,Beautyblender® Iconic Makeup Sponges: Blenders: Cleansers: Tools,shopify,,504443,1,search,beauty and skincare,https://www.omnisend.com/blog/shopify-beauty-stores/
shopmachete.com,shopmachete.com,machete,"Machete Brand Jewelry, Accessories, Watchbands, and Eyewear – MACHETE",shopify,,504732,1,catalog,,https://catalog.cool/brands/machete
lesilla.com,lesilla.com,Le Silla,Le Silla Online Shop: luxury shoes for women Made in Italy,shopify,undefined,505188,1,ecomm,,https://ecomm.design/site/le-silla/
bigbudpress.com,bigbudpress.com,Big Bud Press,Big Bud Press,shopify,undefined,506949,4,search|ecomm,fashion and apparel,https://www.omnisend.com/blog/shopify-clothing-stores/|https://printify.com/blog/shopify-clothing-stores/|https://colorlib.com/wp/clothing-brand-website-examples/
bensimon.com,bensimon.com,Bensimon,BENSIMON Mode & Maison - Site Officiel,undefined,undefined,509098,1,ecomm,,https://ecomm.design/site/bensimon/
bliz.com,bliz.com,Bliz Eyewear,"BLIZ: Sports glasses, Ski Goggles, Helmets and Lenses IT",undefined,undefined,509825,1,ecomm,,https://ecomm.design/site/bliz-eyewear/
imadeya.co.jp,imadeya.co.jp,imadeya.co.jp,IMADEYA | 日本酒・ワイン・焼酎 ｜ONLINE STORE - 通販,shopify,,517393,1,search,food and drink,https://gempages.net/blogs/shopify/top-10-shopify-food-and-beverage-stores
bocci.com,bocci.com,bocci,Bocci — Home,,,519613,1,catalog,,https://catalog.cool/brands/bocci
thecushionlab.com,thecushionlab.com,Cushion Lab,Cushion Lab: Specially Designed Ergonomic Memory Foam Pillow & Bedding,shopify,undefined,522556,1,ecomm,,https://ecomm.design/site/cushion-lab/
tattly.com,tattly.com,Tattly,Fake Tattoos by Real Artists – Tattly,shopify,undefined,525817,1,ecomm,,https://ecomm.design/site/tattly/
nerdwax.com,nerdwax.com,Nerdwax,Nerdwax - Original Glasses Wax - Stop Slipping Glasses,shopify,undefined,525864,2,lists|ecomm,,https://ecomm.design/best-shopify-stores/|https://ecomm.design/site/nerdwax/
keepyourcadence.com,keepyourcadence.com,Cadence,Leakproof and Magnetic Travel Containers,shopify,undefined,526876,1,ecomm,,https://ecomm.design/site/cadence/
sakara.com,sakara.com,Sakara Life,Sakara Life | Plant-Based Nutrition Programs & Supplements,shopify,,527213,1,search,supplements and wellness,https://www.shopify.com/enterprise/blog/heath-ecommerce-wellness-online
mollusksurfshop.com,mollusksurfshop.com,Mollusk Surf Shop,Mollusk Surf Shop,shopify,undefined,530228,1,ecomm,,https://ecomm.design/site/mollusk-surf-shop/
tenlittle.com,tenlittle.com,Ten Little,Ten Little | Healthy Shoes for Baby & Kids,shopify,undefined,531290,2,search|ecomm,fashion and apparel,https://www.shopify.com/enterprise/blog/dtc-brands|https://ecomm.design/site/ten-little/
freesoul.com,freesoul.com,Free Soul,Nutritionist Formulated Blends for Women – Free Soul,shopify,,531501,1,search,supplements and wellness,https://www.shopify.com/enterprise/blog/heath-ecommerce-wellness-online
paulstuart.com,paulstuart.com,Paul Stuart,"Modern Classics, Luxury Tailored Clothing & More - Paul Stuart",salesforce,undefined,536458,1,ecomm,,https://ecomm.design/site/paul-stuart/
novoslabs.com,novoslabs.com,NOVOS,NOVOS: Award-Winning Longevity & Anti-Aging Supplements,woocommerce,undefined,539924,1,ecomm,,https://ecomm.design/site/novos/
packlane.com,packlane.com,Packlane,Custom Boxes & Custom Packaging | Design your own boxes | Packlane,undefined,undefined,541405,1,ecomm,,https://ecomm.design/site/packlane/
atoms.com,atoms.com,Atoms,Most Comfortable Shoes for Everyday Wear · Atoms.com,shopify,undefined,544747,4,ecomm,,https://ecomm.design/site/atoms-4/|https://ecomm.design/site/atoms-3/|https://ecomm.design/site/atoms-2/
allmatters.com,allmatters.com,AllMatters,AllMatters: Period care you can rely on.,shopify,undefined,545296,1,ecomm,,https://ecomm.design/site/allmatters/
cdlp.com,cdlp.com,CDLP,CDLP – Elevated Essentials | Official Online Store,shopify,,550951,1,search,fashion and apparel,https://wisepops.com/blog/shopify-clothing-stores
magicmind.com,magicmind.com,Magic Mind — stores.gallery,Magic Mind | The world’s first mental performance shot,shopify,undefined,552853,3,gallery|search|ecomm,food and drink,https://stores.gallery/stores/magicmind|https://www.chargeflow.io/blog/dtc-ecommerce-brands-2024|https://ecomm.design/site/magic-mind-2/
bohemiantraders.com,bohemiantraders.com,Bohemian Traders,Bohemian Traders | Australian Designer Fashion,bigcommerce,undefined,553284,1,ecomm,,https://ecomm.design/site/bohemian-traders/
hartford.fr,hartford.fr,Hartford,"Vêtement Casual Chic Homme, Femme & Enfant - Hartford",shopify,undefined,555041,1,ecomm,,https://ecomm.design/site/hartford/
every-foods.com,every-foods.com,Every-Foods,"every I Delicious, balanced and plant-based comfort meals",shopify,undefined,555429,1,ecomm,,https://ecomm.design/site/every-foods/
pollini.com,pollini.com,Pollini,Pollini | Scarpe e Borse di Lusso con Stile Unico e Pregiato dal 1953 | Pollini,undefined,undefined,559208,1,ecomm,,https://ecomm.design/site/pollini/
factionskis.com,factionskis.com,Faction Skis,2027 Collection Early Access | Faction Skis,shopify,undefined,564894,1,ecomm,,https://ecomm.design/site/faction-skis/
studioneat.com,studioneat.com,Studio Neat,Studio Neat,shopify,undefined,565495,1,ecomm,,https://ecomm.design/site/studio-neat/
biodance.com,biodance.com,biodance,Biodance | Unmask Your Own Glow,shopify,,566619,1,catalog,,https://catalog.cool/brands/biodance
infiniteobjects.com,infiniteobjects.com,Infinite Objects,Infinite Objects - We Print Video™,shopify,undefined,575497,1,ecomm,,https://ecomm.design/site/infinite-objects/
vipp.com,vipp.com,Vipp,Official Vipp Online Shop | Vipp,nextjs,undefined,581204,1,ecomm,,https://ecomm.design/site/vipp/
starsandhoney.com,starsandhoney.com,Stars + Honey,Stars + Honey | Protein & Collagen Bars,shopify,undefined,581853,1,ecomm,,https://ecomm.design/site/stars-honey/
popchartlab.com,popchart.co,Pop Chart Lab,Pop Chart | The things you love. Charted.,shopify,undefined,582086,1,ecomm,,https://ecomm.design/site/pop-chart-lab/
myrqvist.com,myrqvist.com,Myrqvist,Myrqvist – Premium footwear without the premium price tag,shopify,,584565,1,search,fashion and apparel,https://wisepops.com/blog/shopify-clothing-stores
opopop.com,opopop.com,Opopop,Opopop | A Gourmet Popcorn Company,shopify,undefined,586436,1,ecomm,,https://ecomm.design/site/opopop/
colorfactory.co,colorfactory.co,Color Factory,Color Factory - Interactive Art Experiences for All Ages,shopify,undefined,587198,1,ecomm,,https://ecomm.design/site/color-factory/
tickera.com,tickera.com,Tickera,"Event Ticketing System for WordPress | Sell Tickets, Zero Fees | Tickera",woocommerce,undefined,590590,1,ecomm,,https://ecomm.design/site/tickera/
religionclothing.com,religionclothing.com,Religion Clothing,RELIGION Clothing - Menswear & Womenswear,shopify,undefined,592098,1,ecomm,,https://ecomm.design/site/religion-clothing/
dermae.com,dermae.com,Derma E,"Natural Skin Care Products | Face, Body & Hair Care | Derma E",shopify,,593186,1,search,beauty and skincare,https://www.omnisend.com/blog/shopify-beauty-stores/
eadem.co,eadem.co,EADEM,"EADEM | Everyday skin & lip care, clinically tested for daily use",shopify,undefined,593192,1,ecomm,,https://ecomm.design/site/eadem/
outway.com,outway.com,Outway,OUTWAY | Performance Socks Worth Noticing,shopify,undefined,601311,2,search|ecomm,food and drink,https://www.chargeflow.io/blog/dtc-ecommerce-brands-2024|https://ecomm.design/site/outway/
